aeaafc5a,etimologias.dechile.net,781684047872
e83b9b9b,dartmouth.edu,936302870528
73cc1b2f,eamusic.dartmouth.edu,1632087572480
76f25533,cims.nyu.edu,171798691840
0427ea56,realestating.co,979252543488
fede0d24,allmanbrothersband.com,936302870529
61d743c6,kidsrisk.harvard.edu,541165879297
2855d0e8,monsanto.news,807453851650
4425a255,hms.harvard.edu,1297080123392
28d05abf,dpughphoto.com,146028888064
1601cc5d,goodbirdinc.com,343597383680
9ea81272,scorcher.org,687194767360
d6358148,pz.harvard.edu,1666447310850
7e3d55fa,ansci.cornell.edu,712964571136
87fbaa1b,ergo.human.cornell.edu,876173328384
d1c32f8d,blog.pff.org,884763262976
ddb93f37,brownmedicinemagazine.org,68719476737
21aff566,selfhacked.com,420906795009
778e1270,med.brown.edu,1211180777472
56f15919,faculty.harvard.edu,661424963584
0f09c820,like2do.com,395136991233
c625a26f,weill.cornell.edu,1022202216449
6188ae8a,psych.princeton.edu,1408749273090
4cff65aa,intelliwise.com,755914244097
bd70ca58,cdl.library.cornell.edu,335007449088
b315a849,neuroscience2017.jnss.org,592705486848
0575839a,floridameatgoats.com,360777252864
83e55388,institucio.org,1580547964928
71fd294f,news.brown.edu,1340029796353
83ee75ae,cat.nyu.edu,1408749273089
07169b81,tyleralpern.com,695784701952
ba9eabd1,grtbooks.com,1425929142272
9eeaf8ad,gordongregory.co.uk,377957122048
e20fc6c9,library.cornell.edu,721554505728
4d45a5fa,birds.cornell.edu,0
ff43fd62,scratched.gse.harvard.edu,721554505729
fb88780e,historic.karthik82.com,884763262976
e7d01c52,allengardenclub.org,146028888064
8bd56cda,kornet.nu,1657857376257
d468bf85,acehrelief.org,1125281431552
a295b5ae,cyrk.dk,171798691841
3f8f1113,archaeology.ws,1125281431552
44ea98c1,people.stern.nyu.edu,1408749273090
6becc343,cbat.eps.harvard.edu,893353197568
0d50abf6,hin.com,1451698946048
ee8380e4,irs.princeton.edu,42949672961
537d9d85,cmes.hmdc.harvard.edu,661424963584
58981e64,teh.salemstate.edu,214748364800
6621dd69,axel-conrad.de,1228360646657
45629c71,graphics.cs.ucdavis.edu,1108101562368
e50fec5a,daeina.net,257698037760
5c4dc2fe,ces.fas.harvard.edu,661424963584
d8b09d5d,cs.nyu.edu,42949672963
48940c71,www4.law.cornell.edu,644245094403
6c796771,connolly.uqam.ca,360777252866
534df1b9,cs.cornell.edu,738734374912
3a46617d,insects.oeb.harvard.edu,1365799600128
206913e7,freepages.rootsweb.com,446676598786
7add9ed5,islamicstudies.harvard.edu,661424963584
4e000b96,chuck.cs.princeton.edu,1279900254209
87cd8486,blogs.cornell.edu,764504178688
298d291d,airtonjo.com,807453851650
5e18f470,pt.coursera.org,936302870529
76e54963,med.nyu.edu,953482739712
c71757ad,harvardparkandrec.org,1529008357376
1ee2793b,rangevoting.org,807453851650
e0b9bc9b,unfogged.com,1322849927169
66e2a965,old.paganpride.org,644245094402
4e71c540,nyu.edu,455266533376
9f967a62,underconsideration.com,1443109011457
4e98b0ba,spider.seds.org,858993459200
e826de5e,newmusicostrava.cz,506806140928
ff6f4f8a,tallertecno.com,1082331758593
149135dc,leguideduciel.net,730144440320
5e8d0d13,flavinscorner.com,644245094402
f02ae02c,ilr.cornell.edu,841813590016
04499e13,cal.org,755914244097
c9c7f96e,unexplainedresearch.com,936302870530
87d2573c,pinker.wjh.harvard.edu,1168231104512
952c271c,peabody.yale.edu,1365799600128
2fda2937,chandra.harvard.edu,472446402562
47452f61,dl.lib.brown.edu,163208757248
b526b96c,ichiba.geocities.jp,987842478081
d499daf2,scholar.princeton.edu,1408749273090
d5453909,harvard.ma.us,231928233984
236ac4bc,share.cornell.edu,1675037245440
a9226e9b,donsnotes.com,936302870530
14d6864e,stevensimon-portfolio.com,807453851650
044257ae,bluemountain.princeton.edu,240518168577
df45c768,harvard.edu,17179869184
2a2c386c,hul.harvard.edu,1322849927168
7f699219,atmos-chem-phys.net,858993459200
94d5f4a9,uos.harvard.edu,1
c912bbad,eurekalert.org,223338299392
cce172a9,davis.wpi.edu,1486058684416
1ed6efb3,stopautofraud.com,687194767360
577c452d,users.erols.com,1125281431552
c3b731f5,horagai.com,1494648619008
f3d822a8,etc.princeton.edu,292057776128
b88cc6f1,ericakrimmel.com,584115552257
0ccffeac,blogs.law.harvard.edu,17179869185
f305104d,genetics.bwh.harvard.edu,652835028993
aaa570a2,americanempireproject.com,584115552256
638f015b,atlasgeneticsoncology.org,317827579904
3dd83eef,princeton.com.tw,283467841536
58876d26,id.lib.harvard.edu,42949672960
99b9c3b5,news.yale.edu,25769803777
4732ea01,mathematik.uni-muenchen.de,1589137899520
7ff5c566,defaultlogic.com,858993459200
4223bff9,splweb.bwh.harvard.edu:8000,1477468749824
0f173885,iraj.in,1554778161152
166c26f7,facultydevelopment.massgeneral.org,1451698946048
a754cd94,brucop.com,1348619730944
387e6ecf,juliobermudez.com,532575944704
2ba52570,tisch.nyu.edu,455266533376
6f0498a7,cellbiosignal.jp,644245094400
a0c21b66,bah4pets.com,360777252864
fcf36a4d,newboards.theonering.net,1314259992576
c0c76d5b,convergenceculture.org,884763262976
e7f9ab8c,environment.yale.edu,309237645312
3436eab6,tulaso.com,60129542144
e12d66fb,fas.harvard.edu,335007449088
cd9e234b,anime.geocities.jp,987842478081
d2fc89e4,joi.ito.com,472446402560
2a1d1fae,net1000.net,42949672962
6ffadda6,gse.harvard.edu,721554505729
1f47c387,yale.edu,274877906944
dfe01d64,keywordsuggest.org,489626271744
e29bee1a,jumperloss80lonnie.blogdigy.com,1391569403904
50a820d9,health.harvard.edu,936302870528
0bb3488b,osfa.org.uk,687194767360
172fee0f,protomap.cornell.edu,25769803776
3efb2bb9,bloggen.be,146028888065
4dcb61d3,thebankinggroup.com,936302870529
34744863,ksg.harvard.edu,1382979469312
18af3cd0,citidex.com,1176821039104
f8dbf93a,eye.hms.harvard.edu,1254130450432
d3a8fa55,palisade.com,678604832768
8e35fa0c,pupress.princeton.edu,1099511627776
6c9f314d,casi.org.uk,644245094402
b65b2822,biu.ac.il,644245094402
496ef988,users.ox.ac.uk,936302870529
82b060bf,wordnet.princeton.edu,1571958030336
773b8cba,ilpi.com,1194000908288
d9a94db8,princeton.edu,1133871366144
c2582e93,excelsiorfarms.com,360777252865
fba59ff7,th.nao.ac.jp,858993459200
7fe41762,yalepress.yale.edu,309237645312
6d4f5ec6,arboretum.harvard.edu,1082331758592
e82ce992,sites.dartmouth.edu,1108101562369
c4cd7759,tvmegasite.net,790273982464
f143aa4f,seek.princeton.edu,652835028993
ee73b8b3,universe-galaxies-stars.com,644245094401
77525728,lexic.us,438086664192
19fcb8aa,archives.gov.ua,807453851649
dd469a7a,vet.cornell.edu,652835028992
8ec036b5,fpl.cs.depaul.edu,541165879296
aede8930,mondaq.com,687194767360
a86ef073,algs4.cs.princeton.edu,773094113281
79234fe7,pon.harvard.edu,8589934592
038e7789,appinsys.com,1125281431552
a20510c1,republicsg.info,687194767360
7faa51fb,brown.edu,240518168576
67f67d79,cs.dartmouth.edu,970662608896
a618d733,medicine.yale.edu,472446402561
0f16bd5e,isso.cornell.edu,197568495616
d9322926,news.cornell.edu,197568495616
4b46ae31,bustle.com,1374389534720
12f65c0d,source-search.princeton.edu,652835028993
39173519,hawaii.edu,858993459201
bdce780d,islamicpluralism.org,395136991233
74fef2a1,law.cornell.edu,1649267441664
9e482e67,why3.lri.fr,627065225216
dbe4f281,nysipm.cornell.edu,850403524608
561f1876,wjh.harvard.edu,1571958030337
490e9710,connorpost.com,687194767360
e267d99b,iihm.imag.fr,1176821039105
1e9dee01,biolib.cz,146028888064
3da57a0b,people.fas.harvard.edu,146028888066
4d0b9458,adsabs.harvard.edu,68719476738
e96cd870,cyber.law.harvard.edu,352187318273
17a1699a,huri.harvard.edu,1322849927168
653ca758,moa.cit.cornell.edu,1657857376256
2f9cbef6,news.harvard.edu,661424963584
0d80bf70,bms.brown.edu,1211180777472
3992cfeb,e360.yale.edu,455266533376
4033d8f1,cyber.harvard.edu,532575944705
53327198,economics.princeton.edu,1408749273090
c02471ad,pullpud.tripod.com,446676598785
