79a0a5a0,tinypic.com,0
edada755,zukan-bouz.com,1082331758597
a7a12a09,airlinersindia.s4.bizhat.com,0
4f6f1162,banshair.net,1082331758597
9e7cfbcf,starnet.startrek.cz,609885356037
18700978,intervention.net,609885356037
7f2ffaca,alberisolidali.it,609885356037
7f81b253,komonjyo.net,1082331758597
fb53536a,Bhpotographyshop.etsy.com,1125281431554
86a0fec6,mikepembertonbooks.com,609885356037
d9f57b2f,mmatycoon.com,962072674304
93fa334a,juraportal24.de,1322849927175
78eb7af5,conseil-conjugal-sexologie.com,472446402560
5feb71e6,amazon.com:80,712964571141
4b0d534b,scpolitics.tripod.com,609885356037
d4f4ac2b,scottishnationaltrail.org.uk,661424963585
