9719ef07,zenaneren.org,1082331758599
9ad615a2,content.rotowire.com,609885356038
14a31529,paolapittalis.scrivere.info,1288490188801
d0444ccd,lmpy.sengoku-jidai.com,1082331758599
b88e9cb3,christinetsai.com,386547056641
190e5a58,khd.sphi300.com,2
d0e71710,feedlisting.com,962072674306
e2f4e23a,dtruk.com,2
54d4f49c,michaellanza.com,609885356038
bb7a7ddd,techno4ever.fm,523986010112
82a74399,ebay.nl,876173328390
85d2f160,concordia.ca,446676598786
719fc1e8,dogfriendly.com,609885356038
2c70c202,my-release.info,1082331758599
3856930a,bmwmercedesauto.com,1108101562369
dccee707,bfjpn.jugem.jp,1082331758599
37b60986,theromancereviews.com,609885356038
320cbbbc,absolutist.com,609885356038
ef4f4dbc,chestertonpersiceto.it,1288490188801
5e8a5a2f,gg6.99nurse.com,2
553452d9,veboli.com,609885356038
d8727254,livingroom-furniture-stores.com,609885356038
6f7bf82a,catalonia.cl,609885356038
b9c021ce,10wallpaper.com,609885356038
e6ebd8c0,laufspass.com,523986010112
1c2265a1,forums.melaudia.net,635655159808
cd862949,happy-pink49.jugem.jp,1082331758599
3f72121e,drewmelbourne.com,609885356038
56b50250,thesamba.com,1365799600132
60e6ff31,lordheath.com,609885356038
ad70f733,jazz.tmks.client.jp,1082331758599
5084d179,hsnarman.oucreate.com,609885356038
cb0ddd6a,users.snn.gr,609885356038
66f23c5b,schlanktipps.de,523986010112
28318f65,lvjun.jugem.jp,1082331758599
6639c971,dramatherapy.jugem.jp,1082331758599
83bbfea6,backyard-astro.com,764504178689
c512d193,shepcooke.com,833223655429
68578f2a,hepdigital.com,609885356038
9be1ec1a,13j.nxtkjt.com,68719476738
470ba6af,angelvillanueva.etsy.com,730144440325
2baad84c,enriqueonline.org,523986010112
353306d2,ukonline.be,635655159808
e68d5b10,alllossless.net,609885356038
a7783622,timwaggoner.com,609885356038
3d7deee3,celebsrc.com,609885356038
7e379a9e,erath0515.at.webry.info,1082331758599
ac2d6262,klagenperemail.de,523986010112
a4910f47,goams.raffa.cc,2
bb185793,taecoise.com,1082331758599
e167a5c9,marketoracle.co.uk,609885356038
1c6004cf,spodickclockshop.com,386547056641
b65eb46c,ray-green.tripod.com,609885356038
d5f87ee8,fancons.com,609885356038
d0b6b292,speedtimerkollektion.com,1340029796359
47342c60,auctioninc.com,51539607553
896dec79,camelthornbooks.co.za,609885356038
a44f0789,heine.socialpsychology.org,609885356038
b992b06f,ravenvision.ca,962072674306
bbc1ca2e,home-biz-trends.com,609885356038
c8eb4228,soulfactory.jugem.jp,1082331758599
e65c9edc,football101.de,523986010112
87e8b297,simonandschuster.co.uk,661424963585
429fa3c3,goalstar.de,523986010112
a9c3bcd6,adambrown.info,609885356038
0b481dc5,miguchan.com,1082331758599
1fff0b20,76xhv.pasar.cc,68719476738
8a8a2a79,stores.ebay.de,661424963587
5c8caf0e,esfotografo.es,386547056641
889767e6,cgi.ebay.de,1391569403904
0df1e054,geigertek.co.uk,661424963585
19e957b4,gameinfowire.com,609885356038
f6a9e28c,supreme.findlaw.com,609885356038
b65b3a81,ko.weatherspark.com,609885356038
16fe2cdf,item.excite.co.jp,1082331758599
1596c6f3,lastampa.com,300647710726
aafe6c25,amazon.co.jp,1546188226565
6d3f5001,irelandview.com,661424963585
305c724b,harbour.at.webry.info,1082331758599
a15cab19,rathole.com,609885356038
f15992a3,angelfire.com,609885356038
6633386b,pages.ebay.in,274877906949
a448f00c,bigfatgreekmac.com,609885356038
73992eaf,q5tbt.china-candit.com,2
977a2478,trendkeywords.hannnari.com,1082331758599
c3bac349,folklib.net,609885356038
3e2e6dc9,electronics.howstuffworks.com,609885356038
6f7aea2d,vhg.ics2011.com,2
70f83a38,labsoflatvia.com,386547056641
47451ad7,tobiraya.net,1082331758599
a53cd7f6,twexport.ebay.com,274877906944
8dae1bfb,n-fuchs.de,523986010112
20df4b0c,realmshelps.net,609885356038
72cdf8f9,lycan.lnx.zone,386547056641
3c86e764,koodaripalvelut.com,661424963585
0a29d1d2,opengtindb.org,523986010112
2b210f90,5w7xmz.szszqy.com,68719476738
935adf22,vip.azls23.net,2
cc6178b5,mvdaily.com,609885356038
eb0ce6fb,ckworks.jp,1082331758599
2ecf9a40,acne-skin-solutions.com,609885356038
e293efe6,fwbo-news.org,661424963585
7002ea98,vornamen-baby.de,523986010112
38deb0ed,delshannon.com,609885356038
6059483e,swimmingpooldesign101.com,833223655429
3d52a294,s3-us-west-1.amazonaws.com,1073741824003
ac4e931e,cmw0m.chinamql.org,2
a1f64efb,wikidive.com,635655159808
66d012ea,movetec.ch,523986010112
650f7825,joeshishimaru.jugem.jp,609885356038
c202cf08,jesuslovesyoutoday.org,609885356038
98aff0ee,daveosborne.com,609885356038
b30f0494,mybestbrands.de,523986010112
96012c9a,musick.jp,1082331758599
c416476f,dvdseries.net,635655159808
db0b0f55,jinawallwork.co.uk,609885356038
dba34322,lyricstop.com,609885356038
d1eb786e,2keane.com,1108101562369
46ca80a6,sefelectronics.it,403726925827
1c436238,pricebat.ca,962072674306
8e7e18fa,studio524.jp,515396075526
a235dc0e,yoshikiti.jugem.jp,1082331758599
00a25d60,ekq.g3epoch.com,68719476738
8e6efbb0,blog.yuatan.net,1082331758599
9f867313,gogo.gs,335007449091
425689f3,best-baby-gifts.com,609885356038
7436f377,prcenter.de,523986010112
95a40db5,cheap-health-revolution.com,609885356038
84ff7f8c,cheatcodesgalore.com,609885356038
5a76b5f8,rover.ebay.com,1434519076867
40943577,code972.com,335007449091
690bb485,winfuture.de,523986010112
0c67f9a1,boxofficemojo.com,609885356038
7951e530,premiumcyzo.com,1082331758599
19ac3530,jra-van.jp,1082331758599
b879586f,navonarecords.com,609885356038
94ccab5d,chil-chil.net,1082331758599
819e106b,ebooks.faithwriters.com,609885356038
d17976d2,geneworld.net,635655159808
fa13ae1b,hall9000.de,523986010112
096df7bd,praxis-mell.de,609885356038
6d7159c0,amazon.nl,4
a185a8b7,devicefonts.co.uk,661424963585
0f09c820,like2do.com,661424963585
db6322a4,diatec.co.jp,1082331758599
2ce6272c,streamingsoundtracks.com,446676598786
38ace19e,stores.shop.ebay.co.uk,1529008357378
ad6ccba4,guitarjourney.tripod.com,609885356038
b34c9b60,suzannecnagy.com,609885356038
65583a15,yhe5ue.gangofone.com.cn,2
7d58d22d,amazon.es,721554505730
7f10e974,kinotv.com,523986010112
3fd7148f,shanees.ga,962072674306
68a61829,phd.aws.amazon.com,962072674305
14cd04d4,feminist.com,609885356038
47c301e0,tokaiforum.com,335007449090
e2e283cf,cbrrescue.org,1090921693190
edc57b82,keepitsafe.jugem.jp,1082331758599
476c0a21,dronsfields.com,927712935940
8369f0b2,f-d-studio.jp,1082331758599
d3bf1c75,c04.sphi300.com,2
7f60fa6c,afrigeneas.com,764504178689
48b6d3df,ja.weatherspark.com,609885356038
286085bf,y7sfl.happy-sci.net,2
75f0fff0,shop.roelofsen.com,1108101562369
4dc617f0,washingtonpost.com,609885356038
aed7cd48,westfieldcomics.com,1314259992579
cba784b5,thehomefoundation.com,609885356038
a7d1d643,ws.amazon.co.jp,1546188226565
ca3f0d64,blog.hidamari-harikyu.com,1082331758599
b140ec78,qbwnh.com,68719476738
8e49140c,aws.amazon.com,1047972020227
d70108eb,amazon.com,274877906949
cc8010c2,pascofix.de,523986010112
e7f6d7ba,dvdanthology.com,609885356038
7a918073,life.goodnewseverybody.com,609885356038
c4f1d0cd,books.piaw.net,609885356038
aceac7a3,textlog.oroti.net,1082331758599
5ee595b9,metalstorm.net,609885356038
fd9dbc75,mschumacher.com,609885356038
733c9fe8,exporthelp.co.za,764504178689
1ab5a82b,whchaung.pixnet.net,609885356038
55a4f420,astore.amazon.fr,747324309510
3cdb1b33,ochisatsu.com,1082331758599
70a640d3,cgi3.ebay.com,274877906949
6bced8fc,brooklynonline.com,609885356038
8504e808,musicaltaste.com,609885356038
435e3ce7,thirdmill.org,609885356038
c081b951,yamaneayano.com,1082331758599
ec5a781f,jokejoint.com,609885356038
cfbaf5ab,tikiroom.com,592705486848
1283acb9,bbs.arukikata.co.jp,1082331758599
ff3bea66,careerbeauty-news.com,1082331758599
74f4452b,scripts-r-us.com,833223655429
ab7e324f,jewishworldreview.com,609885356038
69e97c6f,1980s.fm,446676598786
162852c2,henrysidgwick.com,661424963585
fe787d5d,gamersushi.com,609885356038
3cd633e0,julianjaynes.org,1571958030339
c75ff015,rplbn.donse.net,68719476738
599bf61a,teppichboden-pvc.de,1340029796359
c65eecc1,whonamedit.com,764504178689
401f084e,rosensteinundsoehne.com,523986010112
6b9b39e8,fuzionrecords.com,661424963585
f787c7e9,uncharted.software,446676598786
d623e88e,feedback.ebay.de,953482739716
d530394d,bredow-web.de,523986010112
9fbd7a15,lifestylenavigator.com,523986010112
6e8d7088,foren.germany.ru,523986010112
e8651022,cvhvjgz.senorvega.com,1116691496961
73622590,sirius.co.tripod.com,446676598786
60985cc1,musicfreestatic.com,231928233988
e7f6f630,seibidoshuppan.co.jp,1082331758599
414ac994,astore.amazon.co.uk,103079215104
e839c324,1tkyl.1kufang.com,2
35800d08,whmsoft.net,609885356038
7c2062a4,cgi6.ebay.co.uk,1159641169925
ad79bf2c,deepkick.com,609885356038
c72614e2,kobo-q.jpn.org,1082331758599
87a8acd4,hslpb.al-hk.com,2
962e1caa,search.atomz.com,609885356038
905f15db,telephoneassistance.it,927712935944
bdcf1248,bo5j2c.qdcyjd.com.cn,2
51742c31,myreckonings.com,609885356038
a2532123,mix1.de,523986010112
cec5a1c2,5dl.iraq273.com,2
7514ebdf,onliten.com,609885356038
7e338e83,websiteoptimization.com,609885356038
9bf9751e,smallwu36.pixnet.net,1082331758599
7128d862,sansmirror.com,609885356038
cceac973,images.amazon.com,867583393792
35edba3b,spieletipps.de,523986010112
4db415ad,huehner-info.de,523986010112
68ebc3c7,giani.fr,635655159808
2e6bb13a,lebootcamp.com,609885356038
69a07fae,amy-hahn.com,609885356038
6cde32f3,blackandchristian.com,609885356038
6d78d05b,nbc-oc.jugem.jp,1082331758599
3b8faa3a,sir-apfelot.de,523986010112
899cd9b7,digitalwaves.in,1073741824002
b943b5ab,blog.lefigaro.fr,635655159808
d7f2d70b,postnext.com,609885356038
3c06ce95,first-night-records.co.uk,661424963585
730a174a,worldpass.it,1288490188801
1c4fb1c2,ketsumeishi.client.jp,515396075526
9fea5c39,savvysenior.org,609885356038
d1c01e7d,elektro-pilzer.de,609885356038
1063b74a,kingsberrymusic.com,609885356038
a6a6d009,lirensh.com,2
31e4c4bf,amateurgourmet.com,609885356038
e8ad630c,aeclectic.net,962072674306
8a0a8875,tsunami-times.com,1082331758599
028bc308,2pj92p.nxtkjt.com,68719476738
b9dff23c,comparestoreprices.co.uk,661424963585
a12403c0,yuu2.jugem.jp,1082331758599
dbde4b73,dirtyboxers.net,661424963585
7d0b6969,alynate.eu,1288490188801
4c68eda4,aep-effects.com,1082331758599
d9340b10,juliacks.com,609885356038
f970c906,studioizumo.jugem.jp,1082331758599
c54a642c,guestofaguest.com,609885356038
bc1c5818,t22txa2h06.jugem.jp,1082331758599
501122dc,implant.ac,1082331758599
b5d26018,vertury.com,2
f7a907f2,de.omdb.org,523986010112
5d5870df,j-lyric.net,1082331758599
b37546c4,tennisserver.com,609885356038
d6e996b5,forum.pogononline.pl,2
788bbfd5,aki-195km.jugem.jp,1082331758599
4aee62a1,dpchallenge.com,609885356038
308b4d9c,vbf.ics2011.com,2
64dbc04e,adessoin.tv,1288490188801
05246822,bird-cage.jugem.jp,1082331758599
db2bd6e2,123haitao.com,68719476738
c394b3a2,woodcraftcarpentry.com,609885356038
4d46a9d9,eds.4klosed.com,2
d23881eb,basu.de,523986010112
fb14eb1a,hogwartslive.com,609885356038
add7c79b,whynothk.com,2
4f32a472,mauspfeil.com,523986010112
36e219fd,thedragontower.co.za,609885356038
211785d7,ampw.net,1082331758599
da889c41,nyaringo.jugem.cc,1082331758599
e6778986,911forum.org.uk,661424963585
56aaf22c,wundr-shop.de,2
49a78e6d,atasinti.chu.jp,1082331758599
578e7e7c,dbq.kaifa6.com,2
b7ed8e54,traumwind.de,523986010112
89517b0f,coudal.com,386547056641
37da44f9,omdb.org,523986010112
d95b640a,tubuwan.com,2
90f02cfc,zeusprod.com,609885356038
8fb9e820,jesusfreakhideout.com,386547056641
e8457825,awakeningtime.com,446676598786
89b78236,dvdmg.com,609885356038
5821f421,portal.aws.amazon.com,962072674305
97a6fc35,yabyyy.com,2
286f9871,hablogs.com,2
db89fbb4,lacsdespyrenees.com,635655159808
e0778a20,gmcmotorhome.info,446676598786
aee12c40,comicbookgalaxy.com,609885356038
4e366972,impawards.com,609885356038
d24fdc1f,h3p.ics2011.com,2
3f18b1e3,films101.com,609885356038
3a45d21f,negozio.la-cartoleria.it,1288490188801
d4997115,swstudios.net,609885356038
c109f442,spursodyssey.com,661424963585
f772c3d0,josephmichelli.com,609885356038
331c404d,cgi6.ebay.com,1125281431555
afabfa61,wolfitt.com,584115552257
399018c0,bio-medicine.org,609885356038
db0ed6c1,facepaint58036.fitnell.com,609885356038
6c24aa60,zeno.org,523986010112
52174c8b,tokyomikiclub.meroom.com,1082331758599
f8a7777e,das-richtige-planschbecken.de,523986010112
b0f25877,blog.town-nets.com,515396075526
2cb9fe25,reviews.ebay.com,644245094404
c947ac30,cgi.befr.ebay.be,523986010113
237a026b,goods.ruten.com.tw,670014898183
5ad42c18,sitcomsonline.com,609885356038
b1cd4ce4,mishimasha.com,1082331758599
2ae34c77,goldengirlsforum.de,523986010112
07f80cae,com-bing.com,609885356038
d37bf0c8,indianfilmweb.de,523986010112
c5122e22,status.aws.amazon.com,962072674305
b89d5a30,tokio-world.com,1082331758599
a823441a,dosenmusik.de,1322849927171
2e38d257,sequence-airport.com,1082331758599
9985e928,spaceref.biz,609885356038
49a9e51d,crisis-response.com,661424963585
da4b21c6,kingkong.jugem.cc,1082331758599
95abe8b1,thepopularapps.com,609885356038
d55f13fd,softpanorama.org,609885356038
521607bb,publickey1.jp,1082331758599
511de03b,ryukun55.biz,1082331758599
51db2300,carmelmusic.org,609885356038
08e3f78b,anthonyjbroughton.co.uk,661424963585
ed7b63d9,maquia.hpplus.jp,1082331758599
abded81d,1rt.phila.cn,901943132166
98e5979c,joblo.com,609885356038
43b81e78,ama.youxi68.com,2
8ae2adb1,0waqa.icast.cc,2
1cb4d360,iwindsurf.com,592705486848
834eb921,macgregor.co.uk,927712935940
83d09b23,videogamecritic.com,609885356038
0f48358e,dietmarstraub.de,523986010112
b8ebdead,ws.amazon.ca,1434519076867
9a46cc78,raywoodmore.com,584115552257
4e59d85e,baby-sleep-advice.com,609885356038
1980d5f8,bibliotheque.revue-banque.fr,635655159808
a14e0874,versalia.de,523986010112
22038704,hzv.g3epoch.com,2
3b411c75,bebedeco.bkg.jp,1082331758599
4ae6ab90,amazon.in,4
168a9ed7,philosophie-spiritualite.com,635655159808
f5012aca,blog.noja.main.jp,1082331758599
08db8693,mysticgames.com,609885356038
0e007f0c,techsonar.com,300647710730
9a7c93a2,mlkmlk.cn,2
b62c1860,amazon.com.mx,4
62436610,3hb.kaifa6.com,2
ebae3e74,team.gamble-tips.com,1082331758599
d2e14cfd,oy0ca.you-i.cc,2
ff390ccd,languageisavirus.com,609885356038
ca3bcbd0,canottaggio.org,1236950581251
0e0a6ab3,gamenewz.de,523986010112
95a4e495,hitori02.o-oku.jp,1082331758599
7589387d,i1r61.www500papa2.cn,2
2057cefa,fantasticfiction.com,446676598786
40b70574,heatheryang17.pixnet.net,609885356038
fc61d0d6,ear-esthetique.com,1082331758599
6a330753,tanoshikurashi.com,403726925829
7a536e02,payments.amazon.co.jp,335007449089
d91d9a8f,4l9iqco5.nxtkjt.com,68719476738
ae418005,thewhippet.net,609885356038
5a033cd5,2u2aa.bzbinming.com,68719476738
30f53de1,cwylde.co.uk,601295421443
547998e9,sita.roumanoff.com,635655159808
b3536bb4,tuturocks.etsy.com,206158430211
da842d37,barbarianspy.com,1099511627778
cc8f4936,jetset.co.jp,1082331758599
22752a40,badmovies.org,609885356038
c11a3c41,destination-traveler.com,395136991238
38fb9b5c,tztnf.donse.net,2
407eca8a,animecons.com,609885356038
914b2298,chss.kennesaw.edu,609885356038
8847538d,engagementringsemerald93603.blogkoo.com,2
79250364,feverdreams.whatsmykarma.com,609885356038
ee4317cb,treadmilloil00987.collectblogs.com,609885356038
1857aa85,conwebwatch.tripod.com,609885356038
243673bd,hearthis.at,609885356038
1965e976,ysportmen.ru,962072674306
cd61de61,salestores.com,609885356038
518350c4,bl29q0r.dh0912.com,2
491d91b7,zitate-online.de,523986010112
2de463c9,fabrizioselli.com,609885356038
5ac6eab8,myworld.ebay.com,231928233986
67180127,ecycleshop.net,1108101562369
8ad7016e,tohmei-tech.jp,1082331758599
28517507,uscounties.com,609885356038
d46bf906,techwave.jp,1082331758599
059a4d9b,kiisu.jpn.org,1082331758599
3bfe02d9,xfrpe5.eqizhao.com.cn,2
c8043440,myworld.ebay.co.uk,472446402567
abb33379,vikinggirlsworkshop.com,386547056641
defe9948,pianetacellulare.it,962072674306
a7682027,todocine.com,1571958030339
f2473cae,todayaccounting.com,2
dd80b0a8,orthoplant.it,927712935944
74df5029,jeromekahn123.tripod.com,609885356038
5bee5bdc,portraitartist.com,609885356038
f08847b3,beliefnet.com,609885356038
d93cd97a,lovinglifeathome.com,609885356038
d0b7ec8d,angelvillanueva.com,1451698946048
38a12ade,giftmemphis.com,386547056641
d6d6b7ae,amazon.jp,274877906949
9b8a30fb,weatherspark.com,609885356038
effe04ee,stores.ebay.it,1228360646659
6bfa51d3,metalslave.tuzikaze.com,1082331758599
07270174,bookdb.nextgoodbook.com,609885356038
0eaef495,50plus.at,523986010112
06038e54,osomous.com,2
86f25acc,zwillingswelten.de,523986010112
2d236c2e,g-sama.jugem.jp,1082331758599
73f7d5ed,jmc.4klosed.com,68719476738
eb031ea6,movie-wave.net,609885356038
3d613b99,mavericksofthemind.com,609885356038
0ea46c9d,riverviewparkchicago.com,2
42b6a73b,ontheissues.org,609885356038
56cd8c11,nihonjiten.com,1082331758599
4766925a,123macmini.com,609885356038
a921e6d8,procameraman.jp,1082331758599
713adf56,dcpierson.com,609885356038
b9e85969,bicyclettesdehull.com,300647710730
a7831c05,stormtrooperstore.com,386547056641
dcdef6c9,qutingshu.com,68719476738
2b2c4a09,oggiesmusic.com,927712935940
20f26af7,rss.amazon.com,274877906949
d8b6e35f,tupichan.net,1082331758599
f3ae91ce,joemartin.us,609885356038
32443016,thespecials2.com,609885356038
e64c9763,fotos.rot-blau.com,523986010112
6a860e5b,stardust.co.jp,1082331758599
5f9a2ce2,payments.amazon.com,919123001344
e5945d7e,shamanportal.org,609885356038
e0b1d1b2,5h5.99nurse.com,2
5c947426,diefatbook.com,609885356038
fb46f86d,es.weatherspark.com,609885356038
681fd13e,amazon.it,386547056642
ab3c162b,gogocycles.com,962072674306
82fb6739,aquatarion.de,523986010112
c83917cb,777.sepuco.com,1082331758599
397436a6,iupress.indiana.edu,609885356038
3f1092b3,astore.amazon.com,1151051235330
dc0f7940,samidare.jp,1082331758599
f87a2ca7,members.tripod.com,592705486848
66655f9e,blog.divaandco.com,1082331758599
9d824937,northpole.com,609885356038
5e2ed320,docs.aws.amazon.com,360777252864
c7529fba,tyuio-et.jugem.jp,1082331758599
ac8301be,books.half.ebay.com,876173328390
71f41b21,angrygreen.com,1314259992579
32566743,sleepaidresource.com,609885356038
46e76eda,lhpvr.chinamql.org,68719476738
7b692680,911uk.com,446676598786
32488dc8,yzyhg.mumiz.cc,2
10555e01,cooperarena.com,609885356038
b05fb1f1,techhap.com,962072674306
f319fd62,cgi.ebay.fr,523986010113
7d762cd3,wanniski.com,609885356038
01a0bbea,forum.hcrs.at,523986010112
152320e6,stores.shop.ebay.fr,747324309510
5429737e,dbayz.com,609885356038
c9b1120c,imspl.cn,2
02d5c264,sablearadia.com,609885356038
6bb424b9,intercol.co.uk,927712935940
4278002d,reviews.thatcow.com,609885356038
806f213d,wanttoknow.info,609885356038
0b65b05c,ebay.com.hk,1563368095756
be9f21a8,cowboylyrics.com,609885356038
0f7088f9,v7gpy.dowob.cc,2
f8478dcf,wschonmusic.com,609885356038
be1809ed,zaplog.nl,609885356038
299ffea4,seahouse.jugem.jp,1082331758599
1b0b13ad,quatuorzaide.com,635655159808
4133c8c2,eventjournal.tsunagalet-club.net,1082331758599
ae6598a3,chicagoscifi.com,609885356038
b4eb8617,oftwominds.com,609885356038
173bd4b3,adrenalfatiguerecovery.com,609885356038
0cebb5e4,interruptor.ch,876173328385
5fc82a50,gameman.jp,1082331758599
a951f802,leer.amazon.es,704374636549
5d4b7ff5,reise-forum.weltreiseforum.de,523986010112
b8865be2,pop.nu,609885356038
2620a3ed,trailofpaintedponies.com,1108101562369
08913b97,jiffywink.com,386547056641
f8254b71,kaori-music.jugem.jp,1082331758599
c452abc8,theoffering.co.uk,661424963585
9468bb45,radmarathon.at,523986010112
e839e0e9,sefelectronics.de,1468878815237
6f91d2db,survivinginfidelity.com,609885356038
11a0d5da,bianco.jugem.jp,609885356038
fedec8cd,ebcmq.happy-sci.net,2
5efc1384,namelessarchitecture.com,609885356038
7c4c502e,kaliber38.de,523986010112
f545b58a,apolo357.ifdef.jp,1082331758599
4af55a56,feedback.ebay.it,68719476737
1361432f,sinti-swing-berlin.com,335007449090
8bb9a0cb,global-view.com,609885356038
1425d2ce,windtunnelracingproducts.com,764504178689
95aa651d,maleenhancement.com,609885356038
c9c0d7ad,hirotaseiko.com,1082331758599
3c591515,filmcrave.com,609885356038
89caae79,nnr3.dojin.com,1082331758599
bb682bdd,free.jikkyo.org,1082331758599
05c8a202,prosakka.jugem.jp,1082331758599
26cd9928,spinningonline.it,1288490188801
ae9bed4e,rugbynetwork.net,661424963585
0be38aab,wk2wm.you-i.cc,68719476738
196a7a3c,eawest.mcphitty.com,609885356038
73951e6f,barnabasministry.com,609885356038
2552377d,cesarcmkha.thezenweb.com,609885356038
96decc0a,meilleurdusexe.com,257698037761
98d08b38,xeqoxam.xlx.pl,609885356038
9a15aaea,revozin.com,609885356038
fcd3e8ff,bodymindspiritdirectory.org.,386547056641
b77a6bc2,jugem.jp,1082331758599
4cd57fb1,tennesseelodgingguide.com,833223655429
2420efe9,letterpile.com,609885356038
fcf36a4d,newboards.theonering.net,523986010112
95536c30,austroclassic.at,523986010112
a0008fc5,bnb-friends.com,635655159808
a85525bd,images-jp.amazon.com,1546188226565
90973c42,f1f17.happy-sci.net,2
42f2ead8,babycarestore.net,609885356038
46ca6b1f,victoriaclayton.co.uk,661424963585
d16eeaf3,centersds.com,609885356038
745f2e01,vet6768bb.com,609885356038
ddcc4fa5,childrenshomes.org.uk,970662608896
95388d58,search.ebay.com,1563368095745
015a52d8,shutterblog.com,609885356038
64f010c7,rc-airplane-world.com,609885356038
e19ec279,oomark.com,635655159808
fdf6db10,lonelyelk.ru,609885356038
a5893660,annedara.com,609885356038
45aa3d34,themoviescene.co.uk,609885356038
12ebceac,zh.weatherspark.com,609885356038
7fa2d5b9,photochocot.na-watashi.com,1082331758599
96b71106,caribdiveguide.com,609885356038
f3cf1d0e,zdtbp.cnsbc.net,2
3eae77b1,filmbug.com,609885356038
50c1d042,myrobertpattinson.com,609885356038
228dd980,de.weatherspark.com,609885356038
b7c78b5a,r595x.chfw1.cc,2
3cd9628c,forums.aws.amazon.com,962072674305
addd3dca,bakuhatu.jugem.jp,1082331758599
d079e601,danstonchat.com,635655159808
9a7d2266,ecantone.com,927712935944
bd9762b0,amznwalker.jp,1082331758599
9f8836fe,michellemoran.com,609885356038
3b1044ab,dosenation.com,609885356038
258e861b,bookposter.ru,962072674306
698339e9,debridingsoap.com,609885356038
b5cdefb9,lbn.hizuki.lomo.jp,1082331758599
5b9d8f54,mysail.com,609885356038
f9681500,zuerich-homoeopathie.ch,523986010112
a613865b,makeupalley.com,962072674306
5dffdbeb,girls.ken-shin.net,515396075526
0dbe07aa,tv-tokyo.co.jp,1082331758599
67c418ff,hlpjxv.crutoo.com,2
0eb60b81,godrules.net,1108101562369
3e5e93b0,edgetonerecords.com,609885356038
79535a48,uemwk.raffa.cc,2
dcda6d1b,ws.amazon.co.uk,103079215104
cca89a13,lindseyhandbags.com,386547056641
670912cb,poke-net1.com,1082331758599
246ec948,asyougo.net,609885356038
7cd130b2,bluemule.net,386547056641
a84ca02f,funny-first-grade-people.com,833223655429
373166a0,thepheromonesyndicate.com,1288490188801
528c98f5,amazon.co.uk,412316860421
540cae03,dangilvezan.com,609885356038
f51e1d7b,materialicious.com,609885356038
b4e7c935,arenascarves.co.uk,661424963585
046f147a,archives.midweek.com,609885356038
aa81d207,iwp.edu,764504178689
d65cee0b,brokerswhodominate.com,609885356038
878175d1,kingofchinatown.com,609885356038
035ea732,g-root.jp,1082331758599
c8de6b8e,2yq.iraq273.com,68719476738
2142a7fe,refurbtelco.com,1108101562369
f68cc968,londonboroughofjam.com,661424963585
ecb50755,poshmomboutiques.gotop100.com,300647710729
30b7f839,ooakdoll.com,747324309507
e42f1e9c,leisalovely.etsy.com,206158430211
8f3301f6,ws.amazon.de,292057776129
f584d12f,dartblog.com,609885356038
670759d5,bikerag.net,609885356038
87cccf5b,avrev.com,609885356038
649b80d3,dnatest.crutoo.com,68719476738
97a090f5,m.ebay.fr,412316860423
09fc4790,woman.koiwazurai.com,1082331758599
b5351d4e,darkscene.at,523986010112
a65c59f4,saddleupva.com,2
18f6d92f,mac-osx.com,515396075526
404a878c,sakkatsu.com,1082331758599
4fd3cc71,quicom.fr,730144440326
5979faa3,7ucs27.senorvega.com,68719476738
b60defd6,kinson-common.co.uk,927712935940
5071f453,gdleen.sugarstyle.net,1082331758599
737a33f9,alpintouren.com,523986010112
2ab65403,meinfeinerzug.de,523986010112
049c087c,uk.businessinsider.com,661424963585
7c7e1e84,amazon.cn,1305670057988
d35dff2a,ministry.goodnewseverybody.com,609885356038
c847246a,replicarz.com,1108101562369
d567a361,iscoredtickets.com,962072674306
e3f57250,dealshop.theclassifiedsplus.com,609885356038
c2f3970a,willmart.jp,1082331758599
6e3f74cc,didierlannoy.net,1082331758599
1ec0e003,photonoxx.fr,635655159808
91ac4ce8,dantebqeiv.diowebhost.com,609885356038
c461108c,trueyellow.com,609885356038
b1a9de92,marqueepublishing.com,609885356038
206e1346,nymag.com,609885356038
74756a5d,loy.iraq273.com,68719476738
106d7696,greatoldgames.tripod.com,609885356038
63db4267,winkkk.com,764504178689
f6aad2be,mig.ics2011.com,2
3b8467e6,xorpio.de,523986010112
e8d13c23,songrila.com,609885356038
510a89c2,douglashistory.co.uk,661424963585
8e2b1a11,amazon.com.au,4
1a697c0f,splitterschutzzelle.de,523986010112
6903c441,writing.bellaonline.com,609885356038
8dd74d62,progardenbiz.com,326417514497
e89b8b75,asktenali.com,1571958030339
750276f1,sss.ph9.jp,1082331758599
6423fb00,humour-canin.com,635655159808
27dd963c,biervielfalt.ch,523986010112
bb3835e0,mercedes-benz-oita.com,1082331758599
da9cf526,honeysuckleart.etsy.com,206158430211
6cc23df4,historynewsnetwork.org,609885356038
6c6262b3,m.ebay.com,1305670057988
51334a85,vip-magazin.de,523986010112
14641d80,amazon.de,292057776129
620c524c,rrpg.jp,1082331758599
480401d6,guitarsnjazz.com,1108101562369
e9c68e91,mike-warner.com,609885356038
e2f4b15d,krh.ics2011.com,68719476738
25dbbc25,readingdeals.com,609885356038
891fd93d,jadorelethe.jugem.jp,1082331758599
cddb0dda,ddlpy.mumiz.cc,68719476738
e220c847,0oa.ics2011.com,2
8cea0507,daveanddianne.com,609885356038
be8aed49,recipesmaniac.com,609885356038
65f2de6e,watchmb.huuryuu.com,1082331758599
0327dd75,naxos.com,446676598786
dc837c17,thedalesway.co.uk,661424963585
8bd17d1d,davidchain.com,386547056641
d9f4f696,paula-wolfert.com,609885356038
964aaa54,feedback.ebay.com,274877906949
bfc503fd,4i4.g3epoch.com,68719476738
d4dfeb5b,collectspace.com,2
f98acf89,charlesfishman.com,609885356038
4b94bb5f,moviemaster.de,523986010112
79a0a5a0,tinypic.com,2
f1d4d27a,thecraftingchicks.com,386547056641
d96054fb,hardwareshop2000.de,523986010112
eee6fc97,aktivix.de,523986010112
4c5e2750,words.fromoldbooks.org,609885356038
efc39d20,ffxivinfo.com,609885356038
b1e114e5,inspirehandmade.org,386547056641
15157967,primadonnarocks.com,609885356038
c8260c31,fatburner-kapseln.eu,1322849927171
e7b4a770,musicweb-international.com,609885356038
099f5270,bobbythebrownlong-earedbat.co.uk,661424963585
0759a32a,stampcenter.com,1108101562369
3f1a8e64,t9t.hdhat1.com,68719476738
2a0b1938,celeblo.jp,1082331758599
b2e2cb79,manicdepressionrecords.com,635655159808
3eb75560,dvd.ee,609885356038
3411d81a,automobile-sportive.com,635655159808
d7e3b544,rootcellar.org,609885356038
4c668d5b,ssm.mamaof3.com,2
6781e047,gmjm.net,1082331758599
7c710574,thesussexflowerschool.co.uk,661424963585
9596f34e,musicpv.jp,1082331758599
03146d40,mkidwai.tripod.com,609885356038
6b27f2e3,elektronik.nmp24.de,335007449090
3a4efccc,bluelight-tech.com,609885356038
9b787167,orcabeads.com,386547056641
6753dd3f,uowow.com,2
a055aad3,iwanami.co.jp,1082331758599
0a8a978a,mushya.tyonmage.com,962072674306
7e13592b,hauntedstars.com,609885356038
42d87dfd,rkm.com.au,609885356038
690085d6,masterofthejinn.com,609885356038
7f9f74c4,music.amazon.com,274877906949
1c388c7e,enthalpy.net,609885356038
03d07cc9,adamsministry.uk,609885356038
318875c4,dhp-online.com,609885356038
b52b2198,koshinaka.jp,1082331758599
4150a5a8,cool-leds.com,609885356038
a5f40cc9,6ok.super62.com,2
43ab300a,romain-guilleaumes.horaz.com,635655159808
a5040558,playrecords.net,609885356038
a01f635b,asnotedin.com,609885356038
9c55687a,mysnip.de,8589934596
54d03fc0,bn.dgcr.com,1082331758599
023f1673,syncsouls.de,523986010112
1669d4fd,socialbliss.com,386547056641
26106ad4,playnation.de,523986010112
2e95e8aa,jfk-fr.com,635655159808
2ad3208b,askville.amazon.com,68719476736
0c0df578,artistcamp.com,1571958030339
ad605379,r.senmasa.com,1082331758599
135f7f42,molarmuncher.com,609885356038
e08bf738,chessbookshop.com,1090921693186
5da6e95f,partnernet.amazon.de,292057776129
7aa6c823,djweddingmusic.com,609885356038
211f0f44,rooftop.cc,1082331758599
b37ef052,cktak.nxtkjt.com,68719476738
af8c3543,azchords.com,609885356038
8c2eca69,peter.chattaway.com,609885356038
f122cebb,stores.ebay.ca,146028888069
9b2b884a,the-numbers.com,446676598786
5f3fc8f9,livinglifefully.com,609885356038
0ea78da4,maxpezzalinetwork.com,481036337152
561b54ff,butterfly-try.jugem.jp,1082331758599
32974243,lyricsbook.com,609885356038
b0d0a3d7,ethologicalethics.org,609885356038
a2d2db17,fmwoodstock.jugem.jp,1082331758599
845c00ab,theculturetrip.com,609885356038
c3736bb7,dropwne7.jugem.jp,1082331758599
3592580e,exeterpress.co.uk,661424963585
fdd9c5ac,lucyintheweb.net,77309411333
d5311233,c2w.mamaof3.com,2
97adfff9,thp.g3epoch.com,2
d5dfba84,read.amazon.com,876173328384
8f8b6738,personalitypathways.com,609885356038
1cad576c,uq6bj.360sunny.com,2
9b152331,amazon.com.br,4
32f75367,michelledance.co.nz,609885356038
f6b6d4b0,p-nintendo.com,635655159808
2d7c651f,moonsault.de,523986010112
a1c28b60,hobb.org,609885356038
6d4b5693,livingthings.org,1082331758599
8f5c7ef1,hanamoku.com,1082331758599
8eb913ed,forums.thinkbroadband.com,661424963585
426a7388,makushinsky.com,635655159808
da6da185,hubpages.com,2
a5b57a5c,mabangapp.com,2
fcc4afe4,rah1e.cnsbc.net,2
a57088c3,carvone.jugem.jp,1082331758599
fce20762,net-mall.jugem.jp,1082331758599
b970ea21,yukiorakuen.jugem.jp,1082331758599
445100e5,rfceh.hnbanhu.com,68719476738
a2b9a1a8,rpgsoluce.com,635655159808
e71e7dfb,simplebites.net,609885356038
5fb94e2d,hypno-solution.com,1082331758599
b0f5ef08,members.ebay.de,1563368095754
1ef0e570,chevrolet-orlando.auto-coree.com,77309411333
ff7147f2,black-fish.de,523986010112
851d8f16,dragtimes.com,962072674306
329aa34f,usmts.com,609885356038
23210243,dress7713.jugem.cc,1082331758599
71371167,4gamer.net,1082331758599
6b06cf3e,acousticmusicresource.com,609885356038
510ad21b,celebta.com,609885356038
7fe23c91,kohanawolf.com,609885356038
bfd5e248,astgreen.jugem.jp,1082331758599
edcb2595,u5ff1dwlpm.jugem.jp,1082331758599
ff50bdcc,randomhouse.com,609885356038
632f9527,thecollectorsdream.net,1090921693186
869f8828,diesnerfunk.de,1340029796359
9d9e59db,blog.okada-sachiko.com,1082331758599
a435fe92,german.cofc.edu,523986010112
a31b6d1b,riddledtv.com,962072674306
bc7710b5,qkudj.vsj58.cc,2
2fd36f60,bricoleur0509.jugem.jp,1082331758599
b21ac6da,kitcars.com,592705486848
2c002438,kae-web.net,1082331758599
b0b33508,dptnt.com,764504178689
1ee92137,strobistrip.com,2
a4c6ed77,slytribes.jp,1082331758599
2118b2a4,articles.whmsoft.com,609885356038
0cb2cce6,joediveramerica.com,747324309507
6dbfd77a,ausgetauscht.de,523986010112
6fe4c5e7,csgrahambooks.com,609885356038
1e619060,meinemittagspause.at,523986010112
56052e57,webstore.quiltropolis.net,386547056641
a69f5bfa,jodylawson.co.uk,386547056641
d1322748,sww.super62.com,2
4c12beeb,thesocialmediaforbusinessbook.com,609885356038
3a7c0557,thebelltree.com,1082331758599
0f65597b,kiriyamarui.com,1082331758599
97071ad7,photoolex.net,609885356038
c7cc65a7,nasawatch.com,609885356038
9246091a,glutenfreetravelsite.com,609885356038
6efe83d2,paintref.com,609885356038
002b297c,cow-mutenka-body.jp,1082331758599
0ab52f2d,forum.egosoft.de,523986010112
04acedbc,signification-prenom.com,635655159808
993b0de8,tgfa.org,2
8385cf6b,pando.w-goods.info,1082331758599
c05dc105,haxinox.com,2
8327b97e,rawa.org,609885356038
c0cb38be,astore.amazon.co.jp,292057776130
33985895,bratpackbook.com,609885356038
7f041d53,w.medretreat.com,609885356038
fb11c8f4,sanosa.jugem.jp,1082331758599
950d23e4,money8.biz,2
64e26f80,fujisakinana7.jugem.jp,1082331758599
e4759adb,telugupeople.com,609885356038
8e4d143e,robertsuh.com,609885356038
5bf2fe48,museumpass.ru,962072674306
3d6fe11e,human-environment.com,1082331758599
228f996d,t4e.dj,523986010112
737984d1,search.ebay.co.uk,34359738369
9f4a6424,qtw.g3epoch.com,2
3220669f,ellopos.net,609885356038
9d20027c,octavian.dunare.net,609885356038
409fa9a8,b8tqnpwp.duioto.net,68719476738
5306066f,phpbb-auction.com,609885356038
8d1aba63,fabre.jp,1082331758599
05748dc1,hloex.cn,2
2caf2d73,woopwoopfinefoods.com,386547056641
518a2510,thisismyphonestore.com,764504178689
3eab328a,wyattsanders.io,609885356038
c3d74230,ununicodios.com,609885356038
e2cf2ac5,tampontogo.com,446676598786
ba3ba10e,l1j9j.donse.net,68719476738
6f7266aa,raspberry-depot.com,609885356038
9f986e4b,eastesale.co.uk,609885356038
e67b1613,dulcerodrigues.info,833223655429
18ac559a,languagestore.com,446676598786
779790c2,rpl.iraq273.com,68719476738
274c0d56,gamasutra.com,609885356038
0d8056a3,rarwriter.com,609885356038
48bcfeff,stores.ebay.co.uk,1228360646658
d7150f4b,mobiv.net,1082331758599
ed0c45c1,kartemquin.com,609885356038
9a795e7c,orenobaka.com,1082331758599
f3df407b,coollinesartwork.com,962072674306
1e8bd66f,texxas.de,523986010112
df1b1fac,qbei.jp,403726925829
3381c89f,blog.nyusen-dogo.com,1082331758599
cf766cd5,h7r5n.chinamql.org,2
ad83cf20,ea96t.amazon.cn,335007449092
bee4bb82,giftbit.com,609885356038
56cea5c2,ebay.com,1563368095756
b5eca6d8,ael.car6932.com,2
8abc265c,mooviees.com,609885356038
4d9a084e,carlhiaasen.com,609885356038
f4fe4ecd,pages.motors.ebay.com,962072674308
66a801fe,earthnotes.tripod.com,609885356038
98188c09,amnosxs2.jugem.jp,1082331758599
87a02c06,gardeningnature.com,609885356038
f64553a7,motor-forum.mobi,1108101562369
5e5eb56d,annavosburgdesign.com,386547056641
7268f162,ki3-drumer8-1.jugem.jp,1082331758599
668365a9,watagonia.com,1082331758599
5c83fe50,ggg.main.jp,1082331758599
c948895f,kancolle.antna.org,1082331758599
32d36d4e,lhpdl.donse.net,2
a5ceb35c,schoonereastwind.com,609885356038
15cea802,vulture.com,609885356038
391e41b3,amoretravelguides.com,609885356038
c632203c,xibianyun.com,68719476738
3846a291,carolinevanderpost.nl,386547056641
bcf14ed4,kofuart.net,1082331758599
e164f19c,aivy.co.jp,1082331758599
7031b4ab,read.amazon.in,4
ba158e3d,yalebooks.co.uk,661424963585
84d61bf8,metaphor-0.jugem.jp,1082331758599
e463d367,stores.shop.ebay.com,206158430212
b8b34fc0,biobees.com,609885356038
896d5612,aaherb.com,609885356038
7ffac03f,love-letter.jugem.jp,1082331758599
a1cfe831,progarchives.com,661424963585
697a5b63,refugeplanet.com,609885356038
db598862,seat61.com,661424963585
1f05aea8,rikei.linear-art.com,1082331758599
f15971fa,qge.g3epoch.com,68719476738
2c626794,dossiecribbs.com,386547056641
7cfe314b,ratspack.com,1082331758599
8bddcd14,translatum.gr,609885356038
8a04c6dc,foerde-video.de,523986010112
1805be3e,nkrdieselparts.com,1108101562369
7b76277e,yinlei.org,609885356038
65205ca1,afunzone.com,609885356038
c1182a05,fr.weatherspark.com,609885356038
d6b458ee,kgqusmkk8y.pixnet.net,609885356038
fef7bfeb,tigat.pasar.cc,2
345ea3a5,stores.ebay.in,472446402564
7290d9e4,stores.ebay.com,1666447310849
cee2404e,marilynmonroe.ca,609885356038
5ba48373,99l.iraq273.com,2
7c07cd25,realityroars.com,609885356038
117fb482,etcg.de,962072674306
1752bc01,upstreetproductions.com,609885356038
87624c2b,tomatodirt.com,609885356038
b23c6a49,scrap.jiyuseki.com,1082331758599
ce926122,blog.nil-store.com,1082331758599
3c2d1332,old-computers.com,962072674306
43d2dcf1,ebook-torrent.com,1571958030339
5fe6bcf4,thechilicool.com,1288490188801
c372e269,paulaink.etsy.com,377957122051
2c6a34d5,fumie7584.jugem.jp,1082331758599
cb3c5e53,attheshore.com,609885356038
71432283,mycatholicsource.com,609885356038
946de551,joelle-ecormier.fr,635655159808
1d660aa6,little-stones.jugem.jp,1082331758599
a298e772,gamez.itmedia.co.jp,1082331758599
c4c34e9f,blog.drnagao.com,1082331758599
45201fda,foto.wuestenigel.com,523986010112
25e9f519,ebay.ie,1305670057988
173439a3,d1l.car6932.com,68719476738
1f463d0b,akiramania.com,1082331758599
7c2bf543,tomsan.com,1571958030339
08776796,amazon.fr,867583393792
011984a5,seishinonsen.jugem.jp,1082331758599
ece1ffd5,stas.kubasek.com,609885356038
f06807e5,salescenter.tripod.com,609885356038
6cbed158,ws.amazon.fr,867583393792
01262c75,my.viewranger.com,661424963585
5661691d,discountmagic.co.uk,962072674306
0027a81b,scrivere.info,1288490188801
90f12fba,natashametzler.com,609885356038
6ae268f8,lametropole.com,386547056641
783a2258,asagiri.lady-luck.fool.jp,1082331758599
2598993f,7monkey.etsy.com,1563368095745
6f089721,ws.amazon.com,1219770712064
b39b4805,comicartfans.com,962072674306
007d5777,editorialeuskalerria.eu,609885356038
a385f0e1,mudo-books.com,1082331758599
8ab6ebe2,beauty-jav.com,1082331758599
65e99960,meta-preisvergleich.de,335007449090
28d0cd59,completeittraining.com,1082331758599
9db4e505,bazastroyzakazov.ru,962072674306
897f906d,bankfan.net,515396075526
8cf6754a,heidilee.pixnet.net,661424963585
6ed4dac9,ebay.de,1340029796356
687aa306,ebay.it,146028888068
cb54b34e,shop.ebay.com,1666447310850
b9684380,planete-senegal.com,635655159808
e1d2e26e,tokujo.com,1082331758599
97e3d7cb,jasonpalmer.net,386547056641
5284c5ff,diyhomer.com,386547056641
410ac0f8,easy2diy.com,609885356038
a2a1dd21,cartonionline.com,1288490188801
987387d9,console.aws.amazon.com,962072674305
299283b1,pcl.mamaof3.com,2
7f0724b0,astore.amazon.de,369367187460
2fa09fdb,1pagerank.com,403726925826
80006d5b,magazine-data.com,1082331758599
1b27397c,blogs.itmedia.co.jp,1082331758599
52aa7ee4,online-discussion.com,609885356038
6abd1aa6,kimamatyoukou.jugem.jp,1082331758599
49e8fd0a,globella.com,609885356038
6c4410ef,gelfmagazine.com,609885356038
9a5fab10,covehurstbay.co.uk,661424963585
5d5e8022,l35.99nurse.com,2
ad3dc9d9,othersideofthewater.org,609885356038
4c20a249,soryusha.com,1082331758599
a146cc0e,bhllf11l.nxtkjt.com,68719476738
be6c29e5,bigscreen.com,609885356038
c5a0e2df,striketech.com,609885356038
54ce400a,poussieredestoiles.fr,386547056641
54fd3823,spieletest.at,523986010112
f5358331,oniraloin.com,635655159808
0bbdacb5,allmovie.com,609885356038
04ab2f9b,qeo.ics2011.com,2
91f29d0a,cc-enterprises.com,592705486848
df6723ee,blog.visui.jp,1082331758599
054b3582,0kq.g3epoch.com,2
8ee93943,akupunktura.ro,609885356038
30c3c8a3,singularityscience.com,609885356038
fd9e0444,winningstats.com,1314259992579
2c0b1854,mobiel.computable.nl,335007449091
f64ecd11,bookforum.com,609885356038
fb91b3a2,bl.uk,609885356038
392c5e0e,otapol.jp,1082331758599
0b92918a,ffpx.nxtkjt.com,68719476738
16af4bd5,openscrolls.net,609885356038
990dc28d,animecons.ca,609885356038
3e2a078b,menorca-tips.com,523986010112
56763ce6,smakk.nl,609885356038
eadd1a3c,ehomokogihu.pev.pl,609885356038
ea9ba24a,nizkor.org,609885356038
e5b8f1fd,7ibaj.mumiz.cc,68719476738
eb960c31,www1.youseemore.com,609885356038
69484a11,volkshochschulen.info,523986010112
1cece4a7,powergategym.jugem.jp,1082331758599
cd93274e,danielrobertsstringworks.com,609885356038
31368cf8,blog.attaka-attaka.net,1082331758599
098f6261,pettediscographies.com,2
5f1ac040,dropzone.com,609885356038
5ba2a488,baby-books-guide.com,609885356038
0900cfda,post-annonces.com,962072674306
5342351d,eneloop-test.de,523986010112
2f0111f0,slash.gnrfrance.net,635655159808
249cd5ea,awesomelibrary.org,609885356038
be258b9b,migration.heartmdphd.com,609885356038
53904a73,kryptco.com,335007449091
f78b5c1e,rcm.amazon.com,274877906949
75398e54,smartpound.com,661424963585
c3593074,micro-bikini-secret.photo-joy.com,609885356038
60151dc0,lovinghandscrochet.etsy.com,687194767361
0ad80267,ukmto.at.webry.info,1082331758599
8c55075e,i0w.hdhat1.com,68719476738
a554b026,gjwcd.ykgdzx.com,2
a2dc247d,tibobdenazareth.com,609885356038
6f047280,mono-log.jp,1082331758599
fd583f75,classicalnext.com,609885356038
f9050327,gallerydirectart.com,609885356038
fbe7d28a,pz9mp.cneca.net,2
f4cfc835,allesalltaeglich.de,523986010112
b05d58cb,stealherstyle.net,609885356038
78b7d0d0,mantentosa.com,1082331758599
ff8205c9,s44.tylk520.com,2
8d674f96,mlbtraderumors.com,1108101562369
5be57734,konanykhin.com,609885356038
5c035060,cgi.ebay.co.uk,292057776128
ed8780e9,online-discussion.dhenderson.com,609885356038
0c903047,untitlednatty.fc2web.com,1082331758599
8734a37f,domofoni.info,335007449090
563e7d6f,computeroutpost.com.au,695784701958
5145af64,dengekionline.com,1082331758599
4aa5856f,nihonnotsurugi.jp,1082331758599
b18c870f,thunderridgegardens.com,609885356038
eebfd1f3,blog.permpam-hiyoshi.com,1082331758599
f8ca4018,stickmenwithrayguns.com,609885356038
a73df41c,sfsite.com,609885356038
3d2f6f2a,piecesauto-tuning.com,730144440326
998222b0,n-theory.jugem.jp,1082331758599
3f8ca221,snn.gr,609885356038
e5b8fcae,mondedestitounis.fr,635655159808
d81abb47,weaverball.com,609885356038
daef3921,author4kids.com,609885356038
ae6308db,free-press-release-center.info,523986010112
0bbfcfbf,cgi.ebay.it,1108101562368
ea32506e,koisari.meltlabcd.com,1082331758599
0cc5b3cb,lopuch.cz,609885356038
f2801480,blog.mimchop.com,1082331758599
fc400c42,wedding-flowers-and-reception-ideas.com,609885356038
68ebc507,prospezierara.ch,1082331758599
8ff5cf11,weezigo.com,635655159808
1fd415cb,nywatchstore.com,609885356038
dd860872,ph-lelouch.com,1082331758599
113758b8,zooblog.jugem.jp,1082331758599
30aea60e,paulachan.com,919123001349
c2979045,naspa.jugem.jp,1082331758599
92114b0a,blog-3.taromaru.net,1082331758599
2b956a2f,sirenscallpublications.com,609885356038
9d5503d6,asustor.com,609885356038
efa4ed1b,orkus.de,335007449090
49cb5e5b,adopt-a-ferret-101.com,833223655429
51770def,johnrlott.tripod.com,609885356038
4195a600,comparepaisa.com,1571958030339
3869c8f0,weontravel.com,2
edd60534,alternative-ave.com,609885356038
a4f7e3e9,yumi3.com,1082331758599
40d3d0af,architectureweek.com,609885356038
8347ed23,s26k.jp,1082331758599
f0ad94e1,s1.amazon.com,489626271746
254f623e,enochnj.org,1090921693190
addf3548,comics-france.com,635655159808
79e6a776,gadgetsuk.com,661424963585
9243ffe9,schleswig-holstein-news.de,523986010112
d6f14ecd,ish-nriv.de,335007449090
df1c8bd4,e.lice.jp,1082331758599
77154898,wardwagher.com,609885356038
4b285131,nanowerk.com,609885356038
fd26076e,manhassetjewelers.net,2
d8b0d8d0,miaoji.tw,523986010112
3fa402df,praxisseyfried.de,523986010112
daac1489,jimbutsu.com,1082331758599
cd3c0b7d,tendaihawaii.org,1082331758599
5115211a,remotecentral.com,609885356038
6f140910,blog.info-okinawa.biz,1082331758599
bd87aca9,beerme.com,764504178689
9fa30ad3,celestehayes.com,609885356038
dc20f080,junkiecandy.jugem.jp,1082331758599
75c382e7,bdsm-education.com,609885356038
d199f319,gekinierodougamatome.com,1082331758599
40fb477d,7n9r4.nxtkjt.com,68719476738
a5e349e8,doggoneexpress.com,1090921693190
8cd48544,tsf-radio.org,403726925832
5db7ff61,musashigora.info,1082331758599
449e8f74,00w.harten8.com,2
fb4117a8,ue-ei-world.de,1340029796361
2410619a,hkfilmweb.de,523986010112
75df1f46,members.ebay.com,489626271746
41dfd51a,jardins-nature.com,257698037761
615eec4b,cscan.org,661424963585
eb9ea918,r.ebay.com,644245094404
ba9eabd1,grtbooks.com,609885356038
eb4b9477,penguinsquare.jugem.cc,1082331758599
66c9f865,744xf.amazon.cn,360777252871
79e71d5e,slowtrains.com,609885356038
8b11f8be,chromatography-online.org,609885356038
da8c8f04,carnavenir.com,635655159808
fc8e0efe,birth-mission.jugem.jp,1082331758599
99725ccb,vd9.kaifa6.com,2
538d7aaa,xj-forum.de,335007449090
79331732,forum.mods.de,523986010112
acb43c0b,netafull.net,1082331758599
588a5ff2,michel-lafon.fr,635655159808
74a3fc23,servbg.com,335007449091
11977090,nonac.or.tv,1082331758599
74795d9c,dilingdang.com,2
8de71be1,cgi1.ebay.com,1434519076867
586ea855,blackwoodea.com,661424963585
00e28825,virginiatech.sportswar.com,609885356038
ae70cbb9,forum.blackhairmedia.com,2
7ff5c566,defaultlogic.com,609885356038
20044efe,computable.nl,335007449091
c4cd7759,tvmegasite.net,386547056641
ef81538e,donnerwetter.de,523986010112
5e6229b1,jyvogudubyr.htw.pl,446676598786
b88d3706,picmia.com,386547056641
b361a3b0,s82jm.bosse.cc,68719476738
e932a093,dmaeg.com,2
6f26519c,buddy.works,300647710726
65df294d,suingo.com,1082331758599
d18a254c,kindlescout.amazon.com,1563368095745
f6368246,atzert-exclusiv-markisen-design.de,1340029796359
734ea247,hps.org,609885356038
a0d9704e,knowem.com,2
35809359,nk3bb.dacapo.cn,68719476738
3f2132ac,elranta.com,386547056641
db00d808,moneyteacher.investmentfinance.work,1082331758599
688dbcb8,antimusic.com,609885356038
d8ce1ac1,hckarlso.tripod.com,609885356038
4484ac12,cookingforengineers.com,609885356038
e314a5b7,rvassistant.com,764504178689
22afa184,pt.weatherspark.com,609885356038
cc626b0d,j4g.nxtkjt.com,68719476738
c0c52fc8,ryanlichtsangbipolarfoundation.org,1090921693190
02c1e5fe,patapata.biburio.com,1082331758599
f5fd7264,gjkqn.cn,2
a6d0265a,primonumero.it,609885356038
1fa54f22,dudeiwantthat.com,609885356038
ea931c8e,fond-ecran-image.com,635655159808
7d04ebda,romper.com,609885356038
0028ac22,solarianprogrammer.com,609885356038
61a05a44,bassdozer.com,609885356038
b472ef10,dmbkmb.ptbcc.com,68719476738
9ad073f5,autosmartmotor.com,695784701960
eb19f823,vqb.oe1toa.com,68719476738
6e80c4d5,dmvlife.com,609885356038
df50bedc,iag.fota16.com,2
b21f0d4d,www-gx-xinhuanet-com.ce-diamond.com,2
1328791d,alternativegifts.org,1090921693190
ab603f27,like-a-apple.jugem.jp,1082331758599
6b685dad,pmstyle.biz,1082331758599
4cddadc4,santacruzparent.com,609885356038
7b633d39,gaychristian-europe.com,609885356038
3592a1b9,kumb.com,970662608896
86697975,valyaboutenko.com,386547056641
0d6c7ae3,mybikesite.com,609885356038
a60ba155,f-maru-a-go-g.jugem.jp,1082331758599
287e0ba6,cgi.ebay.com,1709396983814
bced178f,urbanbees.co.uk,661424963585
03c6aed6,home.wlu.edu,609885356038
2deba734,combustiblecelluloid.com,609885356038
d9f57b2f,mmatycoon.com,962072674306
a02bffdd,vitalwonders.com,386547056641
d581c716,etsy.com,1563368095745
c76cf653,thenotsosupermama.com,1082331758599
d5cc5232,thepeerage.com,609885356038
a0635895,smile.amazon.com,1443109011460
706ccd00,iubenda.com,609885356038
ee458646,gfbinformatica.net,1236950581251
5c476f9c,juliapott.com,386547056641
9c462753,wtni.gz-fencing.org,2
35333a07,gousaproducts.com,962072674306
b672477b,jdf.g3epoch.com,2
12108746,tradingcardcentral.com,962072674306
0485aa9a,scifimoviezone.com,609885356038
4e3eeebd,skmtimp.jugem.jp,1082331758599
333b7dc8,spiderfan.org,609885356038
30c59b26,filmempfehlung.com,523986010112
028c29c6,sgourosmp3.com,609885356038
65d8a72c,findingyoursolution.com,764504178689
b712bfe3,t7zp5.chinamql.org,68719476738
59c2bd30,tacticalneuronics.com,609885356038
9880029d,zakkanowa.com,1082331758599
38a45bb0,cigargeeks.com,609885356038
4d779711,121th.blendmix.jp,1082331758599
32dc9d60,0gert.hnbanhu.com,2
aef7aba3,gettingclients.com.au,609885356038
6c19c564,e4i.99nurse.com,2
155e2e67,itmedia.co.jp,1082331758599
bebbaa69,ki0ar.com,1090921693190
2f4f2fd1,mickey.828.girly.jp,1082331758599
81c2fdc1,ostatic.org,335007449091
51b457aa,freshfiction.com,446676598786
06fd7266,tigertalesbooks.com,609885356038
241b0fd8,classic-country-song-lyrics.com,609885356038
a7a0a859,allmusic.com,609885356038
77718076,dougjennings.mysite.com,609885356038
d3b65fda,triathlon-in.de,523986010112
6d113f63,jaredcade.co.uk,609885356038
eeb83c13,familysecuritymatters.org,609885356038
04992282,gailcleare.com,68719476739
8c30b919,pikespeaksuicideprevention.org,609885356038
9ec36eee,aroundthecapitol.com,833223655429
677b4126,bergnews.com,523986010112
ca42a317,dvy.super62.com,2
018df4f5,mediamint.net,609885356038
c3baba3e,aljazeera.com,609885356038
21a18de2,opednews.com,609885356038
1ca4877d,pinkboxjapan.com,609885356038
6255984e,sevenmonkey.com,386547056641
76d83825,fromthestage.com,833223655429
afee0de4,2ktjikr.senorvega.com,68719476738
0883a140,gamewhs.com,2
ac8a829d,handymanwire.com,609885356038
8399a76c,fashiontramp.etsy.com,1666447310850
7b1b142f,it.weatherspark.com,609885356038
2df84260,callahanonline.com,609885356038
96716c9a,cherish-gp.jp,1082331758599
b4a9e546,ebay.fr,412316860423
07f10c22,miruto.org,1082331758599
9d03c22e,spanienkanzlei.de,523986010112
9e57e5a8,uyama.jugem.jp,1082331758599
f55b34ff,chronotope-project.com,609885356038
267e5cb7,djembefola.fr,635655159808
af3ebaf5,thomaslegioncherokee.tripod.com,609885356038
1f394557,labradorite-palm-stone55296.pages10.com,1108101562369
36142ea8,nlab.itmedia.co.jp,1082331758599
4078fac7,hhrs.love.hacca.jp,1082331758599
8dc7fb8c,dutch-football.com,661424963585
4543aba8,chateau-fort-manoir-chateau.eu,635655159808
76de47e2,cinepatas.com,609885356038
b901d77d,ff14.antna.org,1082331758599
32849945,comicbookdb.com,962072674306
3ef6b8a1,radiopaedia.org,609885356038
b41da9fd,stores.ebay.com.au,1614907703299
1f7feb74,yugiohkoto.net,1082331758599
16588a20,carlospes.com,1571958030339
85729329,bellaonline.com,609885356038
79695033,fhi.361tea.com,2
4be3cb22,moblog.whmsoft.net,609885356038
42863a65,vx800.de,335007449090
61f3e647,jumbow.main.jp,1082331758599
c39c3192,veteransresourcefair.org,386547056641
af4c926d,supertopo.com,609885356038
cd928bff,elitedaily.com,609885356038
4b46ae31,bustle.com,609885356038
5cd0415d,shakespearethesonnets.com,661424963585
99d6e276,ebay.co.uk,876173328390
46128664,amazon.ca,876173328390
a0bb234b,affiliate-program.amazon.com,472446402567
e30188ee,telesatellite.com,635655159808
cd583e14,kochforum.rezepte-zubereiten.de,523986010112
3e2c8b9e,kumicyan.jugem.jp,1082331758599
e72dfa13,thenibble.com,609885356038
ed215dd6,ilw.com,609885356038
b63c3129,truckersfinalmile.org,1090921693190
555c1e27,babettemode.com,386547056641
98ecd83c,gutenberg.spiegel.de,523986010112
e2ea531f,stores.ebay.fr,266287972352
6c48163f,octobrachia.com,386547056641
08f21b69,duckandcover.cx,446676598786
1bf246aa,creditcardshelp.com,609885356038
232c2949,dptips-central.com,395136991238
e4100101,zeblog.zebrasan.com,1082331758599
0d68e2af,dontevenreply.com,609885356038
2b1c090d,lifeasatrucker.com,609885356038
cb10968c,rebelscum.com,609885356038
4e46a1e2,horse-races.net,962072674306
840b4c98,nowinstock.net,609885356038
2927e183,milbank.org,609885356038
fd1e4fee,nl.16lao.com,446676598786
71f1ccfc,sonicbrass.jugem.jp,1082331758599
49d8a512,4ka.car6932.com,2
ff02705b,hvymetal.com,1082331758599
ec69b4be,search-desc.ebay.com,274877906949
5bdd87e0,dinmanfiction.com,609885356038
