c5122e22,status.aws.amazon.com,962072674305
b89d5a30,tokio-world.com,1082331758599
a823441a,dosenmusik.de,1322849927171
2e38d257,sequence-airport.com,1082331758599
9985e928,spaceref.biz,609885356038
49a9e51d,crisis-response.com,661424963585
da4b21c6,kingkong.jugem.cc,1082331758599
95abe8b1,thepopularapps.com,609885356038
d55f13fd,softpanorama.org,609885356038
521607bb,publickey1.jp,1082331758599
511de03b,ryukun55.biz,1082331758599
51db2300,carmelmusic.org,609885356038
08e3f78b,anthonyjbroughton.co.uk,661424963585
ed7b63d9,maquia.hpplus.jp,1082331758599
