6a371359,forum.northandsouth.info,661424963585
c48facb8,futamimarche.jugem.jp,1082331758597
87b82bc1,modafashionshow.ru,962072674304
f384788d,usaaf-noseart.co.uk,609885356037
2c70c202,my-release.info,1082331758597
8b982c91,blog.aoshiman.org,1082331758597
c233a253,biointelligence.hu,609885356037
9737af53,seorays.16mb.com,609885356037
07131027,cyberbass.org,609885356037
37b60986,theromancereviews.com,609885356037
5019be8d,catinkacards.tripod.com,386547056644
54cc8345,flower.inaemi.littlestar.jp,1082331758597
e3193c68,pp-forum.p44.net,523986010113
f8dfd28e,extreme-macro.co.uk,0
0f349bd4,diary9246.skr.jp,1082331758597
5bbc5f41,bluediary2.jugem.jp,1082331758597
4090049b,divorcelawyersstlouismo.com,609885356037
ab3c9af8,t-proj.com,1082331758597
0d9c0543,talosil.com,1082331758597
64bbfbbf,kurikuri-blog.jugem.jp,1082331758597
cc317763,sonderbooks.com,609885356037
4f60f34e,ruh.religioperennis.org,609885356037
6a1b27e1,topics.smartvision.co.jp,1082331758597
9ab559f1,bethblair.com,609885356037
e2098d8c,changesurfer.com,609885356037
a81daadc,hishiya.jugem.cc,1082331758597
255265a1,itmytea.net,1082331758597
d7364789,hanakoblog.ds-be1.com,1082331758597
aaa570a2,americanempireproject.com,609885356037
da6da185,hubpages.com,609885356037
97091370,gardenplansireland.com,661424963585
0f386fe0,grafolita.com,386547056644
d998d200,uwe.co.jp,1082331758597
183f577f,howfarcanwego.de,523986010113
860341f1,blog.linux.org.tw,609885356037
c0e05ff5,mac-backup-drives.com,609885356037
f9a187df,trip-hop.net,635655159809
ec5a781f,jokejoint.com,609885356037
adf6be5d,fairfinancewatch.org,609885356037
6f116cd8,knowledgeandpower.com,609885356037
f7259110,rbcsrecords.com,1082331758597
73b7cd7c,hallo-spencer.de,523986010113
43c295d1,ebook.itmedia.co.jp,1082331758597
acfe8e13,rapreviews.com,609885356037
e9d64e63,gizmodo.co.uk,661424963585
0eb60b81,godrules.net,609885356037
b31bf3b2,thorpolson.com,609885356037
c39d98cc,christorchaos.com,609885356037
16fe2cdf,item.excite.co.jp,1082331758597
4d779711,121th.blendmix.jp,1082331758597
6a204716,rasenroboterkaufen.de,523986010113
46232f55,happy.ap.teacup.com,1082331758597
4475ccce,jbyrdyoga.com,609885356037
843be1fb,garden-design.tripod.com,609885356037
55e43866,iheartboardgames.com,609885356037
2dcf2932,zinguitars.com,1082331758597
4d5a48dc,travelforkids.com,609885356037
a791b50d,flexibilitystretches43321.blogocial.com,609885356037
64fdcc37,ww9.tiki.ne.jp,1082331758597
d1c32f8d,blog.pff.org,609885356037
62a18dc3,modernscriptures.com,609885356037
397436a6,iupress.indiana.edu,609885356037
b943b5ab,blog.lefigaro.fr,635655159809
2248aa0c,app.cheddar.com,609885356037
1b79af8a,up-on.co.jp,609885356037
474dce45,streetlist.co.uk,661424963585
4f3ccc04,1313sbc.com,0
0ec34b96,naxigi.xlx.pl,609885356037
4e07578a,shuwasystem.co.jp,1082331758597
7c6d7e30,432thedrop.com,609885356037
eb0ce6fb,ckworks.jp,1082331758597
9a466eaa,kazusanosukede.gozaru.jp,1082331758597
5772fc1f,mvw.net,609885356037
fcda851e,kogado.com,1082331758597
a52cfdd8,cinemart.co.jp,1082331758597
0a615872,ajharrisonmusic.com,609885356037
9dacaf0a,gangwin.jugem.jp,1082331758597
2fcd23e1,manner.mikke-web.com,1082331758597
c9f0b611,kimiiro.jp,1082331758597
d0a101ab,odditymall.com,609885356037
8c82ec8a,oaaz7s66ww.page2.jp,1082331758597
74bc571c,tvtukkomi.jugem.jp,1082331758597
995871a2,bibliotroc.fr,635655159809
c56af0b3,spaceref.com,609885356037
f1ae7b90,craftersmarket.net,386547056644
00a0f30c,chezfred.info,635655159809
ae1f0589,digital.shop.boy.jp,1082331758597
9f967a62,underconsideration.com,609885356037
06b03b86,atiracing.com,1108101562369
80acdece,infinuvo.com,609885356037
95dcae30,blog.earthday-aichi.net,1082331758597
babcbf9f,futami.co.jp,1082331758597
af62a9b1,giorgiaclub.com,661424963585
9a4bf9b5,saaspass.com,609885356037
a456372b,pikpuk.com,609885356037
7ff9ac49,farm-sohma1.jugem.jp,1082331758597
8a8fb450,ilikeshopping.it,962072674304
542e577f,grampasworkshop.org,386547056644
0c67f9a1,boxofficemojo.com,609885356037
00828615,tokyosanko.jugem.cc,1082331758597
94ccab5d,chil-chil.net,1082331758597
572fc665,queenmoon.tripod.com,609885356037
43e9baed,nikolabooks.com,609885356037
0f09c820,like2do.com,609885356037
e1ac16d9,lavora-da-casa.net,962072674304
5e2d7354,mwctoys.com,0
720772f6,phrasebase.com,609885356037
688dbcb8,antimusic.com,609885356037
6cfe141a,texttreff.de,523986010113
8de4ae04,safetravels.de,523986010113
76a5b8da,icam.co.jp,1082331758597
b5a6491a,thebbbp.org,1090921693189
9c2583a6,dark1985.pixnet.net,1082331758597
5a923dcf,karaoke-mp3.net,609885356037
5eaaa5cb,glitteringshop.com,1082331758597
4d90a90f,bubu-ronron.jugem.jp,1082331758597
eed291b1,history-of-finland.com,609885356037
8a234d4f,senioren-handys.com,523986010113
4c8bec58,aopublishers.com,609885356037
f14a749b,der-selber-bauer.de,962072674304
48b6d3df,ja.weatherspark.com,609885356037
2bdbbefd,fermata2000.com,1082331758597
501568ec,susiwyss.com,609885356037
9e4b907c,cardshopfinder.com,962072674304
954e8408,cypress.mcsr.olemiss.edu,609885356037
8121c79e,sandiego.cityregions.com,609885356037
85f93aab,v6lover.jugem.cc,1082331758597
dd41e0eb,blog.gameman.jp,1082331758597
4b9617cd,filminamerica.com,609885356037
8bdb3493,blog.setona.bitter.jp,1082331758597
4ee12a78,delishably.com,609885356037
ee73ad2e,melodythomasauthor.com,609885356037
a5f365a0,beniciodeltoro.ca,609885356037
61cd0e2f,alter-schwede.de,523986010113
0f7b9166,pankashi.jugem.cc,1082331758597
851d8f16,dragtimes.com,0
c9c7f96e,unexplainedresearch.com,609885356037
f5e94bed,bcdb.com,609885356037
dc62228f,ryfj70.com,1082331758597
0024b4a3,e-booksmaster.com,1108101562369
e3eac663,beatles.kielce.com.pl,609885356037
ab7e324f,jewishworldreview.com,609885356037
83bf0e78,megumizaitaku.jp,1082331758597
ff67bea5,bargainmagazinesubscriptions.com,609885356037
339a98f7,toolkits.org.uk,661424963585
c0c76d5b,convergenceculture.org,609885356037
ff7dc384,smokeyhormel.com,609885356037
c21c8a88,conbriorecordings.com,609885356037
b53dfc3a,motioncontrolrunningshoes.org,609885356037
cc6d72bb,joesaisan.tdiary.net,1082331758597
8f390b53,jabber-ladies.jugem.jp,1082331758597
db5340a2,hoeckmann.de,523986010113
da6b088c,www-prod.akadem.org,635655159809
f5de39fa,georgemtaber.com,609885356037
04b41c54,epberglund.com,609885356037
2d23079a,bkhaldex.com,1082331758597
3b68a697,tysonuclrv.onesmablog.com,609885356037
7f2b80f5,hirota-weblog.jugem.jp,1082331758597
af887be3,tunecaster.com,609885356037
c5b9ecf2,hallyday.com,635655159809
8e9480e6,members5.boardhost.com,962072674304
c3c7be2a,mr2club.ru,0
d2e983e0,amjudges.org,1090921693189
f482c946,moablive.com,609885356037
d437f668,speroforum.com,609885356037
549401f8,confetti-web.com,1082331758597
d1a77a33,miastoliteratow.com,609885356037
fb46f86d,es.weatherspark.com,609885356037
3309fda4,andysmusic.com,1108101562369
b8b34fc0,biobees.com,609885356037
90f5ad30,aris.keni-am.com,1082331758597
9b8a30fb,weatherspark.com,609885356037
ee73b8b3,universe-galaxies-stars.com,661424963585
7c0229f6,avisus.net,962072674304
2e2d2250,autopartslog.com,962072674304
3277ef56,kitora.tblog.jp,1082331758597
30f3ce0f,vivaverve.com,661424963585
ec6806a9,digitalfotobuch.de,523986010113
2410619a,hkfilmweb.de,523986010113
bec8e4a5,fnosta.com,1082331758597
882eac84,occazdelire.be,635655159809
0e62de95,life-without-fat.com,609885356037
b02a3640,3deg.info,1082331758597
4a1dbc84,yoopi.com,609885356037
80dc4ee9,etic.jp,1082331758597
df79443c,kcg50.jugem.jp,1082331758597
ae288ecc,sequinmidiskirt33322.blogolize.com,386547056644
f13d93dc,r-i-z.com,1082331758597
6efe83d2,paintref.com,609885356037
8f5dffad,de.tinypic.com,0
5e35c559,sleepywonder.jugem.jp,1082331758597
b4bc8a79,board.bpdrecovery.com,609885356037
59c2bd30,tacticalneuronics.com,609885356037
d6ec0ac9,suncrest.co.jp,1082331758597
e5127671,realiser.org,1082331758597
c6b63fee,kickinbot.com,609885356037
838d44e2,winfaq.de,523986010113
140f0960,flexibilitytraining71245.onesmablog.com,609885356037
278d2bde,bizmakoto.jp,609885356037
0061bf36,mnblues.com,609885356037
8d8c4e9a,itstime.com,609885356037
737a3e1a,lahrvonleitisacademy.eu,523986010113
ae0e4eb9,yukinyan.jp,1082331758597
a2539c45,plagiarist.com,609885356037
aa18608d,old.adjenz.com,609885356037
31ff49c3,mainlesson.com,609885356037
b26f7d58,payvand.com,609885356037
54150462,letizias-songtexte.de,523986010113
dac26d60,fiddle-folk.de,523986010113
56aaf22c,wundr-shop.de,0
844b6bb4,diarrhea.yakiuchi.com,1082331758597
9a380c08,dokugaku.info,1082331758597
cb2ca42a,green-bag-project.org,1090921693189
4d8a6e03,worldofsteven.com,609885356037
a02d4240,accessoriesbyme.com,386547056644
f81c4a05,falling-sky.com,609885356037
4f411506,akadem.org,635655159809
e4a1ddb2,griefandtraumahealing.com,609885356037
ca8b191f,llpmhf.jugem.jp,1082331758597
b65b3a81,ko.weatherspark.com,609885356037
232e5dc0,mobilesoftvn.net,609885356037
aed9eb72,oitamedakabiyori.com,1082331758597
c21f63c8,sarahanneflansburg.com,609885356037
6e300caa,fm.minoh.net,1082331758597
4e366972,impawards.com,609885356037
f32f518e,socialaffairsunit.org.uk,661424963585
201d3ac8,computerrepairfortcollins.com,609885356037
747b9e3d,educalire.fr,635655159809
73631db4,echthoerbuch.de,523986010113
5221f761,pias.com,609885356037
64de2b6b,hoerbuchtipps.de,523986010113
ae821a9c,murga-linux.com,661424963585
6c24aa60,zeno.org,523986010113
a93ac725,seatalebooks.com,609885356037
b8e7a15c,obfuscurity.com,609885356037
1441fcff,pspug.org,609885356037
19ca6a60,gavagai.de,523986010113
03962927,nickles.de,523986010113
e956ffe6,blog.twinkle-nail.com,1082331758597
ba55b1d6,rxpgonline.com,661424963585
ed8780e9,online-discussion.dhenderson.com,609885356037
1fda81c5,kmnmd.kmnmao.com,1082331758597
293fb115,jumpstartyourmeeting.com,609885356037
79a0a5a0,tinypic.com,0
edada755,zukan-bouz.com,1082331758597
a7a12a09,airlinersindia.s4.bizhat.com,0
4f6f1162,banshair.net,1082331758597
9e7cfbcf,starnet.startrek.cz,609885356037
18700978,intervention.net,609885356037
7f2ffaca,alberisolidali.it,609885356037
7f81b253,komonjyo.net,1082331758597
86a0fec6,mikepembertonbooks.com,609885356037
d9f57b2f,mmatycoon.com,962072674304
4b0d534b,scpolitics.tripod.com,609885356037
d4f4ac2b,scottishnationaltrail.org.uk,661424963585
bc7c9f55,designsbyrandi.com,386547056644
68f0d8a6,globeplanter.com,635655159809
a04bf29e,punto-forum.de,523986010113
4b0a60c1,styrowing.com,0
14614c02,bipblog.com,1082331758597
1e88751c,kurolife.jugem.cc,1082331758597
d8350f31,industrypickers.com,1108101562369
9b0142e8,doitinasia.com,609885356037
e2ed584b,admiroutes.asso.fr,635655159809
9d3df4e7,galacticchannelings.com,523986010113
946f332f,kvartirkapodkluch.ru,962072674304
bcf0864d,freshmeatmusic.co.uk,661424963585
9d0ce662,retrogames.cz,609885356037
e0c5f819,eco-fuwari.com,1082331758597
51217501,tensei.nanaki.biz,1082331758597
d5a6f47e,pytheasmusic.org,609885356037
64205d22,unixer.de,609885356037
d7150f4b,mobiv.net,1082331758597
01e0a2ac,eastcarolina.sportswar.com,609885356037
49ed0294,shelbymustang.com,1108101562369
a0fcdfa9,techwr-l.com,609885356037
4a18a155,smartcine.com,609885356037
edd99b5b,oaklandfans.com,609885356037
08a22f3e,jodlzljuzg.jugem.jp,1082331758597
6ce3a75a,site-du-jour.com,635655159809
2579b07e,bbs.janitomo.com,1082331758597
75520e50,combmice24.fitnell.com,609885356037
7c34dcd6,collegeandjuniortennis.com,609885356037
68c165d9,eityun.jugem.jp,1082331758597
21e7d18e,mug-g.halfmoon.jp,1082331758597
be9f21a8,cowboylyrics.com,609885356037
8d1efdc2,lotus.azuma.bz,1082331758597
bf9b7fae,fayerwayer.com,609885356037
2c3b64a7,junichioguro.com,1082331758597
dcfef23a,rimowalike.jugem.jp,1082331758597
424989bc,blog.yumekichi.com,1082331758597
4770049a,tarotteachings.com,609885356037
56bf5c84,idixa.net,635655159809
b9696241,dwetendorf.com,609885356037
24e813d8,adamjadhav.com,609885356037
5c34f539,spencer1984.com,609885356037
06184c00,amazonshopping24.com,523986010113
96b9357d,kabarett-news.de,523986010113
67d4672e,chinesedaily.com,0
8b10f174,shayne.my-pta.org,1090921693189
a5ce3ba8,leesburggirlssoftball.org,1090921693189
8fa2463c,hobbyshopfinder.com,962072674304
20af9d94,miracos.co.kr,609885356037
47609051,dec2007.item-list.com,1082331758597
059a4d9b,kiisu.jpn.org,1082331758597
85eef2fd,nikespascher.fr,635655159809
d5cddf9a,au-ja.de,962072674304
7ea8b24b,joelfry.com,609885356037
fc39ebf3,shrineviolin09.diowebhost.com,609885356037
f4043ff6,doulas.org,609885356037
fc4a566f,ohtabooks.com,1082331758597
95632f67,kingei.org,1082331758597
d4d2405f,walterwelding.com,0
c9674ae9,ueberbevoelkerung.ch,523986010113
6493a8d5,english-and-russian.com,609885356037
b124c4ac,remingtonycdku.alltdesign.com,609885356037
b84cb8ce,silke-in-europa.de,523986010113
1031b28e,infopoll.com,609885356037
0dec4ae6,shinri.c-goto.com,1082331758597
25b4129c,carlberry.co.uk,661424963585
828a687d,boxing-fan.net,1082331758597
11087c19,cynosurex.com,609885356037
7cac306e,blog5.catcat.boo.jp,1082331758597
68f659e4,beautyfocus.jugem.jp,1082331758597
845090bb,servedraw.com,386547056644
63c5e2d4,gamenavis.com,1082331758597
11784771,hairweb.de,523986010113
3e06c384,bikechatforums.com,962072674304
a6a04ca6,dtp-transit.jp,1082331758597
9bf576ff,aggro-gator.com,609885356037
d4e3ee76,song-flower-k.jugem.jp,1082331758597
0a366637,truegnosticchurch.org,609885356037
1ad59539,trcompu.com,609885356037
cc4f81b2,saqu.jugem.jp,1082331758597
bfbabe7d,critiquecircle.com,609885356037
32443016,thespecials2.com,609885356037
298d291d,airtonjo.com,609885356037
7cc404d0,ch.gotfreeshipping.com,962072674304
ec664216,applikation.radio912.de,523986010113
e111b08b,playingpate.jp,1082331758597
c680949a,yunioshi.com,1082331758597
1ed6b0a4,sonydadc.co.jp,1082331758597
01e6e5e6,hoppsala.de,523986010113
214e050f,satvik.jp,1082331758597
d98267b3,seyboth.de,523986010113
33a5aa26,blog.ryutagama.com,1082331758597
53ba76cd,gameblog.fr,635655159809
c188ac80,omori-dent.jugem.jp,1082331758597
b17aa9e8,ddo.4gamer.net,1082331758597
d76e092f,schnurlostelefon.de,523986010113
cdb13e81,michaelteachingshumor.com,609885356037
c2f3970a,willmart.jp,1082331758597
7a9bacf0,allbutforgottenoldies.net,609885356037
1c5353d0,quotelight.com,609885356037
9db1ef72,museumqualityfineart.com,609885356037
21a07c7f,camera.itmedia.co.jp,1082331758597
63c305d0,flrpper.jugem.jp,1082331758597
8203e8bb,pcyasui.ma-jide.com,1082331758597
ee302b0f,oxs-ct.skiinfo.org,609885356037
eb258a7a,onlinebutikker.no,661424963585
1ee2793b,rangevoting.org,609885356037
920a3945,seminolenation-indianterritory.org,609885356037
8d95878e,fictiondb.com,609885356037
6b791806,silogic.com,0
8aa1e203,kuchikomi.tv,1082331758597
8261de90,alived.com,1082331758597
c426fc6c,stormyweatherconnection.com,523986010113
33d0f463,psychanalyse-en-ligne.org,635655159809
c2090c74,chechurubiera.info,661424963585
d434b821,karipearls.com,609885356037
223ac6df,bibliotecapleyades.net,609885356037
a2532123,mix1.de,523986010113
c1182a05,fr.weatherspark.com,609885356037
40837f9f,agile-foundation-training.com,609885356037
aa49d0bf,my-island-jamaica.com,609885356037
1283acb9,bbs.arukikata.co.jp,1082331758597
6555c984,clevelandway.co.uk,661424963585
5ffc80a4,bookvinegar.jp,1082331758597
26f5553a,dogasu.bulbagarden.net,609885356037
5542fd49,cognitiobooks.com,609885356037
63547e9e,mask.to,1082331758597
707b3f0e,jhnet.sakura.ne.jp,1082331758597
fb5a4a8d,positiveselftalk.com,609885356037
cd026c32,gesundundgut.at,523986010113
e30aa421,newswithviews.com,609885356037
a8db6b37,pixslate.com,609885356037
6034b043,blog.mitate-recycle.com,1082331758597
2f5a78d1,moneyfrie.fc2web.com,1082331758597
970a334d,r.mixvox.org,1082331758597
9e2927bb,moomoomath.com,609885356037
a53e765e,asahi-net.or.jp,1082331758597
36e2573e,institutojeison.org.br,609885356037
9c6fe46f,blog.murazato.com,1082331758597
733f29a2,kanton.pro,523986010113
5971e996,learning-more.co.jp,1082331758597
acae595c,aarongrad.com,609885356037
4aee62a1,dpchallenge.com,609885356037
04cacc04,brn227.brown.wmich.edu,609885356037
243e44f2,jiffystorage.com,962072674304
739da3c9,aki-diary-317.jugem.jp,1082331758597
d92c489e,rodojikan.com,1082331758597
022c24c9,breast-stroke.jp,1082331758597
0dbd2ff5,yansenjohoka.jugem.jp,1082331758597
5d5870df,j-lyric.net,1082331758597
23a577c1,sandrahoward.co.uk,661424963585
efed3d27,kayo.cdjournal.jp,1082331758597
eb335216,blog-tags.de,523986010113
5aa187e2,core10core.iinaa.net,1082331758597
61537486,na2vq34wvx.jugem.jp,1082331758597
2420efe9,letterpile.com,609885356037
8012ee23,jdoza.com,609885356037
b94360f7,bostonappliance.net,0
b2fe61c2,jellirolls.com,609885356037
d7c81b9e,harumichihiro.wico.sub.jp,1082331758597
0c039fde,diamond.co.jp,1082331758597
e4759adb,telugupeople.com,609885356037
8d5eab09,yuukiseikyou.jugem.jp,1082331758597
dc3cb86d,bbs.canitz.com,1082331758597
c9ca02f5,grindworkprod.com,523986010113
1cee4f7c,ayusya.jp,1082331758597
fbd46364,dollymania.net,609885356037
cef25e96,andeverydaywasovercast.com,609885356037
6c573d5f,orobiancorank.jugem.jp,1082331758597
5b947d00,chubu.trend-car-insurance.com,1082331758597
5a02d8b9,pepperfool.com,609885356037
50ab46eb,njeminentdomain.com,609885356037
12ebceac,zh.weatherspark.com,609885356037
3d0c8d1b,amazone.pl,609885356037
9de8bb99,16bit.com,609885356037
1c436238,pricebat.ca,962072674304
915ef20d,dailysudoku.com,609885356037
ab138b54,musicbiatch.com,609885356037
ffd9e70c,pon.sub.jp,1082331758597
228dd980,de.weatherspark.com,609885356037
95835218,masters-toys.de,523986010113
52bc51c4,katog.co.jp,1082331758597
92f10077,susanjohnson.net,609885356037
74473d09,toro.yu-nagi.com,1082331758597
6d5c5975,drkatieevans.com,609885356037
c2848d37,arnshaugk.de,523986010113
a7030440,whoishostingthis.com,609885356037
5115211a,remotecentral.com,609885356037
b1b1339a,arisan-gotsun.jugem.jp,1082331758597
9a109be7,ikagu.jp,1082331758597
432e9a1f,fastbrowser.net,609885356037
a1731e55,jahozafat.com,609885356037
85bf2bbc,kirkjschneider.com,609885356037
7e7abae1,mamebooks0115.jugem.jp,1082331758597
41b277d2,freebiesforacause.com,609885356037
37da44f9,omdb.org,523986010113
ae51a9f0,shop.myavr.com,523986010113
770f7968,ora11g.de,523986010113
b2c0d489,my-family-fun.com,962072674304
a8faa589,amarokprog.net,635655159809
e15c5316,healthcare.itmedia.co.jp,1082331758597
3117c74b,tdiary.10yama.net,1082331758597
0297793d,kenchikuyogo.com,1082331758597
de0cf0e4,tama-medama.jugem.jp,1082331758597
f6f78f94,kaigo110.co.jp,1082331758597
68c152ac,fifteenminutesoffiction.com,609885356037
fa320cc5,anicosav.kir.jp,1082331758597
fe893a97,cucina-dimodena.com,523986010113
cae4345c,gefenpublishing.com,609885356037
046f147a,archives.midweek.com,609885356037
a638a3f0,worldofgothic.de,523986010113
54fe018d,gardenias4lina.com,609885356037
243673bd,hearthis.at,609885356037
91a1eb44,shimanomomoe.sub.jp,1082331758597
6fa3e60f,kennycarrguitar.com,609885356037
74b6d4fa,visitdunkeld.com,661424963585
2c0dcbbf,guitariff.net,635655159809
9b701743,nookandtranny.com,1108101562369
d7b2df9b,1jeudenfant.com,635655159809
20c0b37c,rockarea.eu,609885356037
cda4fd77,beauiufrz.jiliblog.com,609885356037
06d667fe,sycrossmusic.com,609885356037
41a35324,xn--qckre9a6ayxh23z09wdsqg.com,1082331758597
66b57c9a,pravoslavno-pomagalo.dir.bg,609885356037
8f0bb8a1,realtimerendering.com,609885356037
5055cb63,klavier-noten.com,523986010113
238af51e,pwtorch.com,609885356037
2a6fd03f,mywhatever.com,609885356037
30ffba47,windowspower.de,523986010113
487772f5,fruitacademy.jp,1082331758597
97edcbc6,operatoday.com,609885356037
64471239,asianfilmweb.de,523986010113
0993ce81,kanpyoya.jugem.jp,1082331758597
70e64fdc,laridian.com,609885356037
de125bca,archi.ru,609885356037
97189da2,mrsdepew.com,386547056644
2f8c8fc7,outstandinglives.com,661424963585
20f59e5b,nazotama.com,1082331758597
642b3003,cpphotofinder.com,1090921693189
a613865b,makeupalley.com,962072674304
6a712f13,ednor-mier.de,523986010113
cbdc7afe,neant.ro,609885356037
3f6b939c,boysthemebedrooms.com,609885356037
3eef36f4,tcrecord.org,609885356037
72c5d912,blog.rinkintan.com,1082331758597
5d4b7ff5,reise-forum.weltreiseforum.de,523986010113
37f8c03c,rheinland-paragliding.de,523986010113
8e026299,clubks.com,1082331758597
9abcce29,theturksandcaicos.info,609885356037
f3debf3b,pt-0000000381.jugem.jp,1082331758597
cb10968c,rebelscum.com,609885356037
d4fb447e,axelhome.jugem.jp,1082331758597
03d7b02f,genealogie.francaise.free.fr,635655159809
80e4d70e,crowdedvideos.com,609885356037
38971bec,t-suteki.jugem.jp,1082331758597
28b4b860,tokipona.net,609885356037
dc837c17,thedalesway.co.uk,661424963585
48994c61,gamecity.ne.jp,1082331758597
a668591a,pebblesspiritualcave.com,661424963585
37070118,logisticsworld.com,609885356037
fcf09ba6,lizannepastore.com,609885356037
d9ea2170,sacred-magick.org,609885356037
2f0082f5,teachingmissionnetwork.com,1090921693189
ae9bed4e,rugbynetwork.net,661424963585
39e6f91e,mamma.jugem.cc,1082331758597
20bff56f,msikesu46i.pixnet.net,609885356037
be6c29e5,bigscreen.com,609885356037
e6579532,ventesuroffres.com,661424963585
6bf689d2,adata-ssd53075.tblogz.com,661424963585
b039e3de,home.adelphi.edu,609885356037
29642108,panamabo.com,1082331758597
7e498187,gifty.jugem.jp,1082331758597
e7b4a770,musicweb-international.com,661424963585
23b91b9a,virtualsteamcarmuseum.org,1090921693189
040a291c,kousakusha.co.jp,1082331758597
02349e40,rejuvesalonandspa.com,609885356037
3a3fd98b,gamble-tips.com,1082331758597
efdbc2e6,micro.douglane.com,609885356037
feb032c2,go2war2.nl,609885356037
3e03cfbe,echovalleyarabians.com,386547056644
608d4b6a,poetryflash.org,609885356037
5aefdd0e,kzoo.jugem.jp,1082331758597
812e59f6,mezsystem.jugem.jp,1082331758597
7066d93a,neuhaus-artificial-plants.com,1108101562369
17513f52,juerg.ch,661424963585
0efbbf42,dictjuggler.net,1082331758597
0fd9dd1d,esotericarchives.com,609885356037
2d721ea0,lvol.com,609885356037
2c5a9657,amasong.sp.land.to,1082331758597
1a043517,educatedguesswork.org,609885356037
3cdfafcc,equusite.com,609885356037
4d6056a9,holyapostleschurch.org,1090921693189
95e14a0f,faing7.com,1082331758597
db4f0931,teachsam.de,523986010113
be5b7a7a,theballards.net,609885356037
9499da77,dulemba.com,609885356037
642559c2,kokkai.sugawarataku.net,1082331758597
7baacbf5,it.gotfreeshipping.com,962072674304
7f02961c,apgreenwood.com,609885356037
4dfc60ee,spur.hpplus.jp,1082331758597
ae3f3ed8,nananasupi.jugem.jp,1082331758597
02daaadd,gloppen.norge.bz,0
6f67a4e9,cvilleok.com,1090921693189
829617eb,rtlvxnr93d.pixnet.net,609885356037
475bd1e3,todayinsci.com,609885356037
2bfa510e,raquelrecuero.com,609885356037
ef78fa29,greece.snn.gr,661424963585
ee2c0162,popflock.com,609885356037
30d28672,startupoverseas.com,661424963585
245ef38f,restore.de,523986010113
d37f91b3,linux-tutorial.info,609885356037
6f42c5b9,finddrugs.tripod.com,609885356037
26106ad4,playnation.de,523986010113
0268e855,afunnything.net,609885356037
da3b9587,harveyrachlin.com,609885356037
a58d7432,volleyball-station.com,1082331758597
1489f0f5,savane.com,609885356037
9045e0dc,tomhanway.com,609885356037
9576bb3d,fluideglacial.com,635655159809
e97eff3d,satinhairwrap57890.blogolize.com,609885356037
c830107f,gay.komunita.cz,609885356037
74b80253,terrificsound.com,609885356037
ed9e5038,ambleway.co.za,609885356037
af8c3543,azchords.com,609885356037
9d824937,northpole.com,609885356037
c1e1de91,rebecca-web.com,1082331758597
190ac55b,seco.co-mind.info,1082331758597
22210d3a,paranoidthemovie.com,609885356037
7b3f1aeb,bumwine.com,609885356037
5d277d61,velocityjs.org,609885356037
23a7f706,genxx.com,1082331758597
d08fdce0,ikiterudakede.jugem.jp,1082331758597
cfbaf5ab,tikiroom.com,609885356037
572e4ad8,airportzentrale.de,523986010113
faac11e2,theenglishteacher1.tripod.com,609885356037
7bb1e897,superiortrails.com,609885356037
30da2115,topiama.com,609885356037
a5b1069d,usa.newonnetflix.info,609885356037
57cce9a1,abracada.com,635655159809
284c1230,03c5d7f.namesecurehost.com,386547056644
62f6b2a5,ministryofpropaganda.co.uk,661424963585
c5118caf,my-field.jugem.jp,1082331758597
9dd8c9b8,naughty-bow.com,1082331758597
ff652b0e,portal.nifty.com,1082331758597
3983170f,alldesignerglasses.com,609885356037
f15b09e0,miki-net.co.jp,1082331758597
43ab4da7,shakespeare-1.com,609885356037
624feaff,roshecky.jugem.jp,1082331758597
8d08a1ef,blog.ichikawasatsuki.com,1082331758597
19394b5e,americaninstituteofhypnosis.com,609885356037
71371167,4gamer.net,1082331758597
6b06cf3e,acousticmusicresource.com,609885356037
00312f12,thomascherry.name,609885356037
a73df41c,sfsite.com,609885356037
d8cc5668,on-my.tv,609885356037
deda755d,gosutactics.com,609885356037
daf9db1a,caravan-advice.co.uk,661424963585
fbaca7b4,adult-movie-japan.com,1082331758597
c76975ae,meine-molekuele.de,523986010113
fc3bfe37,wisdom2be.com,609885356037
9f805d80,poetenladen.de,523986010113
87769cee,asanebou.jugem.jp,1082331758597
7a594779,christianguitar.com,609885356037
ab506a3d,allaboutparasites.com,609885356037
0d37937c,forums.windowsecurity.com,609885356037
8d44a13d,xn--7-geuib4hwd7n.com,1082331758597
2118b2a4,articles.whmsoft.com,609885356037
673bb7f0,oakantiquefurniture.net,962072674304
72ef4eb0,han-kun.134r.com,1082331758597
f376ad44,kinderszenen.jugem.jp,1082331758597
aa052a7b,blog.enetwerx.jp,1082331758597
77dd8deb,thehousedevils.co.uk,661424963585
d270e379,deitel.com,609885356037
1d737903,kamap.jugem.jp,1082331758597
7951e530,premiumcyzo.com,1082331758597
acb43c0b,netafull.net,1082331758597
b72cb98e,felixfcumc.uzblog.net,609885356037
a3749f13,xt350.de,523986010113
89b39669,francoisweigel.com,609885356037
4be3cb22,moblog.whmsoft.net,609885356037
bd0db5f3,kibanken.jp,1082331758597
08dba1c1,phpweekly.com,661424963585
fafc94da,it.tinypic.com,0
13e28021,school-supply-list.com,609885356037
addb17ab,artisjapan.net,1082331758597
135c2a0a,young.wakatono.jp,1082331758597
7fe765df,shop.myxmc.de,523986010113
cb290614,frocktunes.com,609885356037
c93550c6,suikobook.com,1082331758597
b2e2cb79,manicdepressionrecords.com,635655159809
5ac09439,freebiefindingmom.com,609885356037
9381ea26,gaesteliste.de,523986010113
4d69ab35,glassfacts.info,609885356037
32ea4c5c,at-the-doll-house.com,609885356037
9a787dde,closdeparis.com,609885356037
e193c1a3,gott-ist-tot.de,523986010113
5d15044a,plus.ro,609885356037
96139eee,items.com,962072674304
7928fc65,gospel-haiku.com,1082331758597
18020b62,aym.pekori.to,1082331758597
bdbc9026,jisn.jp,1082331758597
00f6e1ce,thecornfieldmafia.com,609885356037
246e069e,mocarz.tripod.com,0
8fc71401,rokko-dengyo.jugem.jp,1082331758597
6783dea3,shop.que.jp,1082331758597
ff49fd35,antenavi.net,1082331758597
a634429d,columbianhp.com,609885356037
f3ca3520,sanmedia.or.jp,1082331758597
ccf9ac63,pagebypagebooks.com,609885356037
bfb7ab68,marujyu.jugem.jp,1082331758597
21d12703,andrewlownie.co.uk,661424963585
79b29ea5,emichanyo.jugem.jp,1082331758597
4c0d164f,bible-researcher.com,609885356037
4836d61c,dr-bob.org,609885356037
861f46b9,dream-stage.jp,1082331758597
f6a7bcb9,anmin-kaimin.net,1082331758597
8bd56cda,kornet.nu,609885356037
6bb44ba4,blog.diorama-box.net,1082331758597
b77a6bc2,jugem.jp,1082331758597
87fa4d92,danewalkermusic.com,609885356037
2fa357e7,musikausstudiobremen.de,523986010113
9a862bb5,blueming.de,523986010113
9621a942,narouyo.com,1082331758597
e5cea6b1,beautifulbeauty.info,1082331758597
c948895f,kancolle.antna.org,1082331758597
798bb8e2,ethansbookshelf.com,609885356037
489ebe5e,jamesbondwatch.co.uk,661424963585
faccffef,northdakotacrashprevention.com,609885356037
81b1829a,ihnatko.com,609885356037
ddc6c501,independentpublisher.com,609885356037
9022d4f9,johsui.jugem.jp,1082331758597
7f0133a4,bdtheque.com,635655159809
a6aaa320,ohgloryvintage.com,386547056644
9a5d2bcd,soapcentral.com,609885356037
fc2daf7e,szermeno.homestead.com,609885356037
3f6e09fe,sahandsaba.com,609885356037
cd4391f9,byrdie.com,609885356037
4c87076b,shopshops.ru,962072674304
e91f71e9,thepeaches.com,609885356037
a7fc9b08,amazingfoodmadeeasy.com,609885356037
a6f29995,lemurzone.com,609885356037
d0b8e058,haikusenryu.yomibitoshirazu.com,1082331758597
21825e1c,your-self-improvement-guidebook.com,609885356037
385206a6,dml.cmnh.org,661424963585
6e5482af,www2.meetv.jp,1082331758597
73b30b8f,bibliomonde.com,635655159809
f52f2bd6,mark-roderick.de,523986010113
ac3e517e,psmk2.net,1082331758597
39e5a387,antenna.co.jp,1082331758597
127b4840,numicanada.com,962072674304
35800d08,whmsoft.net,609885356037
b50110b6,mustang-dealers.com,0
e4e8c786,kawaru.biz,1082331758597
edd0485f,apatheticagnostic.com,609885356037
51fe62da,1a-tests.de,523986010113
5a1c375c,monodeco.jugem.jp,1082331758597
7c0155ce,etchmusic.com,609885356037
d7fa1ed1,teatime-blog.thegifumap.com,1082331758597
20df4b0c,realmshelps.net,609885356037
97479fd6,payacreations.com,386547056644
7d04ebda,romper.com,609885356037
6d3daa3e,michaelchekhov.net,609885356037
537460ac,business-strategy-innovation.com,609885356037
f0dc9717,mtdev.itch.io,609885356037
4296c4be,canaria-book.com,1082331758597
b87fbad2,k-drama.info,1082331758597
30c44eb4,levelcreekpta.org,1090921693189
d9cc7eb4,barrierfreenationalparks.com,609885356037
3c2d1332,old-computers.com,962072674304
b9dff23c,comparestoreprices.co.uk,661424963585
5e574d5a,edgarqhypf.blog5.net,609885356037
7f044b65,bunker-osnabrueck.de,523986010113
a017092d,jlagier.net,609885356037
a275f267,skream.jp,1082331758597
d095f355,cipaudio.com,609885356037
2ea222d9,meganwilson.com,609885356037
eabcad4c,hasself.jugem.jp,1082331758597
becc3b41,iwaokamimura.jp,1082331758597
22afa184,pt.weatherspark.com,609885356037
b9bd1591,rottel.net,1082331758597
8157924c,janetboyer.com,609885356037
2deba734,combustiblecelluloid.com,609885356037
168c0490,aroma-essence.com,609885356037
ed487feb,yourprops.com,1108101562369
01ed77fe,ardis.co.uk,661424963585
0eff33c5,roughedge.com,609885356037
f9be974c,lysykigib.htw.pl,0
38d7a328,babynamevote.com,609885356037
01262c75,my.viewranger.com,661424963585
06d3981b,ne.jp,1082331758597
19c805de,matteocesari.com,609885356037
31876018,tomb.cside3.jp,1082331758597
8df48961,onami.blue.coocan.jp,1082331758597
d42441f6,popentertainment.com,609885356037
6fdd78d4,greenrivertack.com,1108101562369
d0a91c55,utp.or.jp,1082331758597
b30f0494,mybestbrands.de,523986010113
d1b59217,kasegiya.net,1082331758597
7b733e72,adamnathanielfurman.com,661424963585
60914955,japanvibes.fr,386547056644
7876076e,irsch-saar.de,523986010113
8bb9a0cb,global-view.com,609885356037
3efb2bb9,bloggen.be,661424963585
286f4aa3,megcobbcreations.com,386547056644
ad89faec,softnavi.com,1082331758597
35e27aaf,preferredstockinvesting.com,609885356037
f51e1d7b,materialicious.com,609885356037
e051bdde,fleau.outre-tombe.net,609885356037
9bfe49be,s21.com,661424963585
b2c223a8,theonlinereseller.com,386547056644
51b457aa,freshfiction.com,609885356037
5f32c02a,arukikata.co.jp,1082331758597
e8d13c23,songrila.com,609885356037
ba158e3d,yalebooks.co.uk,661424963585
a69fcb35,tmplog.jugem.jp,1082331758597
2db768b0,nihonrisu.funkorogashi.net,1082331758597
c096ada1,bengaller.de,523986010113
ee3dcccd,jinji.jobrescue.net,1082331758597
39fe5f0e,petemcbride.com,609885356037
a2063c97,nazareneremnant.org,609885356037
614ec0df,super8arena.com,0
62875485,examiningtuskegee.com,609885356037
f679d3f2,genius-versand.de,523986010113
318f4603,cocktail-rezepte-4u.de,523986010113
efa91111,fun-with-words.com,609885356037
7035c05c,hpo-online.de,523986010113
86b0a3de,cybermodeler.com,1108101562369
56d9529a,shakenfaithsyndrome.com,523986010113
7f49490f,collectics.com,609885356037
bd32d940,artandarchitecture.org.uk,661424963585
db391a28,chrisland.fr,635655159809
213fb0cb,arrivalofgoods.honeyspot.jp,1082331758597
a0d9704e,knowem.com,386547056644
7478193e,keywen.com,609885356037
0c3d4de4,rexysong.com,1082331758597
e78009f3,tsururoclin.jugem.jp,1082331758597
c33947d3,douga-kensaku.com,1082331758597
dd7ac7a4,stainlessaccessory.com,1082331758597
b5e55d8b,askalana.com,609885356037
f1172e40,4sportsbooks.co.uk,661424963585
e18ef7aa,spartanmarchingband.org,1090921693189
3992461b,spencermbyju.diowebhost.com,609885356037
8250938f,wallpapers-mania.org,635655159809
ffabc010,news.studioworld.biz,1082331758597
7558f55c,hellblog.kuresaka.com,1082331758597
9ee980d0,pa13.webcrow.jp,1082331758597
5479999a,moutaberemasen.web.fc2.com,1082331758597
17e00290,annerice.com,609885356037
34e9c0d4,fanfarearchive.com,609885356037
5f1ac040,dropzone.com,609885356037
a0e0f11b,chronocentric.com,0
e2729a65,blog.kadotayukiko.com,1082331758597
b208165b,torahigebeast.jugem.jp,1082331758597
211142e6,damahimusic.com,609885356037
88b78d5a,aliencentral.com,609885356037
8595e651,buyrectory.com,962072674304
165f6261,deracine.fool.jp,1082331758597
f58d2d6a,personal.ee.surrey.ac.uk,661424963585
3843040f,facts-about-dogs.info,609885356037
c5c46f21,ellemadera.com,386547056644
d5bd7fa7,norwalkrecords.com,609885356037
3b903ad2,chinahanji.com,1108101562369
93e43102,glossophobia.com,609885356037
d7e05083,southafricatherapist.com,609885356037
a9226e9b,donsnotes.com,609885356037
954d1f13,en.yummy.stripper.jp,1082331758597
9212cad5,mysteriousheartland.com,609885356037
e810a983,geekzone.co.nz,609885356037
25c03754,pushingnormal.com,609885356037
eba737b7,entora.com,609885356037
0501277d,r5isa-love2k.jugem.jp,1082331758597
e1fb0d41,articlesnow4u.com,609885356037
5145af64,dengekionline.com,1082331758597
55bbacc1,jacketflap.com,609885356037
c6645eb1,mishaquintcello.com,609885356037
8ff8a928,essential-photoshop-elements.com,609885356037
588b2612,bolton.co.nz,609885356037
4d15e2d1,deepinthetop.com,609885356037
b7d7072a,gforces.net,609885356037
aa49e43b,laserpointersafety.com,609885356037
f603fe0c,voicefukuoka.v-pro.jp,1082331758597
f557235d,orange180.jugem.jp,1082331758597
711be037,visibility.net,661424963585
05baa66e,gpaed.de,523986010113
c7bbea02,biz-journal.jp,1082331758597
cd928bff,elitedaily.com,609885356037
213505cd,mickleoverrunningclub.co.uk,661424963585
43eedcd6,thedivinegenius.com,609885356037
c461108c,trueyellow.com,609885356037
bf1cfada,area-sasuke.net,1082331758597
39fd83e1,blog.atake-i.com,1082331758597
a68e308e,rakuchin.cantaman.com,1082331758597
33538435,egono.com,1082331758597
c9b2f9d2,golftoy.com,609885356037
96b99288,bollywoodbx.com,609885356037
c4cd7759,tvmegasite.net,609885356037
81769e54,thesop.org,609885356037
43b26b25,popnews.com,635655159809
2d725035,danceoverspiltstretcher82715.onesmablog.com,609885356037
2a319b6c,railf.jp,1082331758597
d06d476f,hip-hoppen.net,523986010113
1fe2d6a2,classic.treelight.com,609885356037
7459c61c,gatestoneinstitute.org,609885356037
db5e6575,moskau-news-247.de,523986010113
59c72967,mymusicstore.us,609885356037
e436c29a,woodinn.hustle.ne.jp,1082331758597
c3b731f5,horagai.com,1082331758597
7307230e,coyotecreekranch.net,609885356037
9da1a14b,jekyllandhyderock.com,609885356037
13da40fd,quietearth.us,609885356037
d2fc89e4,joi.ito.com,609885356037
68ed8d91,gaypassions.com,609885356037
43afdf4a,blog.apartmate.jp,1082331758597
6380d03a,keepourlibrariesopen.com,609885356037
294bb2cb,columbia.edu,609885356037
cbb37b39,sven-boettcher.de,523986010113
ba9eabd1,grtbooks.com,609885356037
3d86e612,goodee.co.il,962072674304
f5fcd6f3,moriharuo.jp,1082331758597
dcd6c7b3,pxbjn55prb.pixnet.net,609885356037
d64325b3,satoyama.langit-bali.com,1082331758597
9c8d2212,owlcation.com,609885356037
fb1b6048,mobbingportal.com,609885356037
73b2bbc6,dogtreatkitchen.com,609885356037
0f711e99,blue.ap.teacup.com,1082331758597
ef0a98fe,jeremy.zawodny.com,609885356037
a295b5ae,cyrk.dk,661424963585
e563f7f8,northlineindustrial.com,1108101562369
7b1b142f,it.weatherspark.com,609885356037
c2007113,screenit.com,609885356037
4e69d5e2,apothecaryuniversity.com,609885356037
4f74f5ee,diary.content2005.com,1082331758597
beea98bb,pricecheck1.com,0
c0442216,getreitel.com,609885356037
968eba92,legstretcheramazon79023.bloguetechno.com,609885356037
1970a4d0,helennorman.com,386547056644
a4ff8333,energovital.com,0
f6b9f82c,mapcruzin.com,609885356037
e9880831,cubbiecreate.com,1082331758597
0a4f944c,godsizeddreams.com,609885356037
e6557c38,my-style-stores.com,609885356037
2f56ec4d,clamshellbeachpress.com,609885356037
4c449d69,thisdayinmusic.com,661424963585
5a6b76c8,curledupkids.com,609885356037
00e28825,virginiatech.sportswar.com,609885356037
3f18b1e3,films101.com,609885356037
fdd1514b,junabe.net,1082331758597
ac96eda0,wordorigins.org,609885356037
691ffa45,logistics-world.com,609885356037
cc4edead,yellowairplane.com,962072674304
8fb9e820,jesusfreakhideout.com,386547056644
ed9e621e,people.tamu.edu,609885356037
656a9b32,iris-simian.de,523986010113
6b5b69b4,pmi-japan.org,1082331758597
e3b7c6ca,cupidplaza.com,609885356037
7c4d2e45,rocheblanc.com,1082331758597
79b353cf,blog3.otf-bass.com,1082331758597
1dfb9ea1,uswx.com,609885356037
839b7298,debismith.com,609885356037
36142ea8,nlab.itmedia.co.jp,1082331758597
d1dee7bb,matsumura1214.jugem.jp,1082331758597
b44097a1,soga-net.jugem.jp,1082331758597
6c8d9d7f,hokkaido-giftbazaar.cbbs.co.jp,1082331758597
f3924c5d,befluegelt-von.de,523986010113
b1f50af4,minecraftmods19.com,609885356037
1a4dbbde,niederschlag.com,523986010113
8b6d2d3f,laserfactory.at,523986010113
79fa3471,blog.cafetojo.com,1082331758597
89534e65,tysonosttj.mybloglicious.com,609885356037
8a1412cb,cbiweb.org,609885356037
c5aac4c8,gin.ginneko-do.com,1082331758597
802c956d,mrnizz.tripod.com,661424963585
b90055fa,dtl.org,609885356037
64a31d1b,cfdchart.fxrec.com,1082331758597
56c2f17b,covingtonclay.com,386547056644
769dd0d2,seedlesswry.com,609885356037
05009109,zorluusa.com,0
4b46ae31,bustle.com,609885356037
b5a01eff,chechesk.jugem.jp,1082331758597
40af6110,phantomstallion.com,609885356037
7c4e0efb,d20pfsrd.com,609885356037
9d1be8f8,ganepa.com,1082331758597
67990aca,aura.happylife7.com,1082331758597
f5be198f,worksbest.org,609885356037
cce7f7cc,catowns.tripod.com,962072674304
1a67ecc3,nihondego.com,1082331758597
60f0780c,spokslog.com,1082331758597
30c59b26,filmempfehlung.com,523986010113
633fea49,usaveahead.pixnet.net,609885356037
0e2e1155,h21-apr.kabu-ken3.info,1082331758597
e8521f7e,buygiftcard.trendy-place.com,609885356037
9d1fc050,spacefly.ru,962072674304
4f90e278,stephaniewilliamsphotography.com,609885356037
858a83d6,launica.jugem.jp,1082331758597
91d9ea7f,angelaambroz.com,609885356037
3ab57652,fieldtrip.com,609885356037
ab3d8395,thinkexist.com,609885356037
bd464d28,out-smart.jugem.jp,1082331758597
155e2e67,itmedia.co.jp,1082331758597
d41207ae,128th.page2.jp,1082331758597
25debf78,blog.caplin.com,609885356037
2dc9e5c7,culture.polishsite.us,609885356037
2c92dc4a,leagueathletics.com,1090921693189
258e861b,bookposter.ru,962072674304
8c9f3161,ceruldinnoi.ro,635655159809
8a9d68de,toddler-activities-at-home.com,609885356037
4f2bb761,mimimi.nu,1082331758597
1fad6979,blog.nuage.jp,1082331758597
974ec4a4,awa.newday-newlife.com,1082331758597
e65c2efb,dvdenlinea.com,609885356037
e1827e7a,deborahgafford.com,609885356037
0327dd75,naxos.com,523986010113
659e13ca,rwspryszak.com,609885356037
037eb152,get-store.com,1108101562369
daae4609,elog-ch.com,1082331758597
77f74107,alwaysknittingandsewing.co.uk,661424963585
563f5e0e,michaelteager.com,609885356037
66a19847,autoteile-reparatur.de,962072674304
bc03095e,www009.upp.so-net.ne.jp,1082331758597
05db55c7,icollectorbazaar.com,962072674304
230e1248,betabondieu.com,635655159809
d8059a3b,zadokwatchmen.com,609885356037
996f3234,hardwin-jungclaussen.de,523986010113
c48d7bf9,alpagassutton.com,386547056644
d30c7787,leedsdesign.fr,635655159809
49f87956,toysoldier.com.hk,1108101562369
2395efbd,ddr-witz.de,523986010113
bf3de5d3,blog.d-fantasista.net,1082331758597
5dd21594,hike2.setosa.com,1082331758597
51f3910f,pjules.tripod.com,962072674304
1ae08b9f,cloud.akibablog.net,1082331758597
6696a798,postfreeadshere.com,0
32849945,comicbookdb.com,962072674304
19f00f56,usdjpy.fxrec.com,1082331758597
d1db70c6,izakayayumeji.jugem.jp,1082331758597
857f8001,diani.info,523986010113
d0e71710,feedlisting.com,962072674304
6621dd69,axel-conrad.de,523986010113
ecddf19a,tarot.de,523986010113
cbe6433f,ncc-1776.org,609885356037
8f74fff4,lifeboat.com,609885356037
1a6157ee,russiabanks.ru,962072674304
49bb6720,shadowcouncil.org,609885356037
02b71536,thedatingdivas.com,609885356037
a8a4b9e0,raggedyem.tripod.com,609885356037
a298e772,gamez.itmedia.co.jp,1082331758597
1bf24c2b,maximumink.com,609885356037
8a3a0615,92030184.at.webry.info,1082331758597
b0b8a21c,allengrossman.com,609885356037
e394ae59,skepticfriends.org,609885356037
812f5bc5,kindle.copiny.com,609885356037
c3df80ad,candlewick.com,609885356037
ce0f79b7,cocktaillounge.at,523986010113
b04ff6af,casio.ledudu.com,962072674304
dfc4fe45,aoyama.jugem.jp,1082331758597
c722a24b,optix.sppd.ne.jp,1082331758597
28ea8ddd,noshiro.shigeo.jp,1082331758597
97bfb20b,marine.eastafrica.jp,1082331758597
446a8331,dvd-und-bluray.de,962072674304
04132d6c,babyandsmile.boo.jp,1082331758597
08d83eff,amaidensmusings.plexpedia.com,386547056644
13e239b6,c3-net.de,523986010113
91b51ce8,blamld.com,0
5342351d,eneloop-test.de,523986010113
702d8462,corteau.gr,609885356037
b7807f23,kamranrastegar.com,609885356037
e511c882,kyo-kan.net,1082331758597
4e46a1e2,horse-races.net,609885356037
ae3c0140,freakguitar.com,661424963585
f37dba79,yelenablackbooks.com,609885356037
e0094804,www005.upp.so-net.ne.jp,1082331758597
ff02705b,hvymetal.com,1082331758597
4b8ffcc2,cpstachibana.jugem.jp,1082331758597
