67f67d79,cs.dartmouth.edu,781684047874
e944c0e1,bti.cornell.edu,266287972352
bada3021,voices.washingtonpost.com,1142461300736
76f25533,cims.nyu.edu,1357209665536
7ad41013,economics.dartmouth.edu,781684047874
845ee680,astronomia.edu.uy,858993459203
bb0c3bc7,read.seas.harvard.edu,472446402560
558cc723,wordnetweb.princeton.edu,1417339207680
d55f13fd,softpanorama.org,515396075520
c381b2e1,meea.org,403726925827
93f0eced,lisjschwitters.com,292057776128
fd2c7e9b,library.bc.edu,781684047873
5a77b6bc,lushess.com,661424963584
7691bd9f,blogs.princeton.edu,1451698946048
35d6f1a8,www2.psych.cornell.edu:16080,738734374913
8782db65,tucson.ars.ag.gov,712964571137
7f18b550,hbsp.harvard.edu,1597727834113
2f9cbef6,news.harvard.edu,283467841536
f1210f8e,stern.nyu.edu,120259084288
3da23c44,rndb.clps.brown.edu,1606317768704
054842eb,amplifyingcreativecommunities.org,1108101562370
778e1270,med.brown.edu,1606317768704
5407428a,med.yale.edu,1030792151040
d2ab700c,diannblakely.com,876173328384
8afba193,journalism.nyu.edu,283467841536
20c61072,fold3.com,670014898176
0a83f58a,astronews.com,644245094400
160f2966,research.yale.edu,1408749273088
e1f2ba70,math.cornell.edu,1357209665536
c3baba3e,aljazeera.com,609885356032
c45431b2,masterrussian.com,274877906944
0f44da6b,uruknet.de,687194767361
71fd294f,news.brown.edu,1340029796352
d92e2374,innovations.harvard.edu,893353197568
9179ab40,dartmouth-hitchcock.org,1030792151041
74fef2a1,law.cornell.edu,240518168576
ffaf116a,alumni.dartmouth.edu,781684047874
4d45a5fa,birds.cornell.edu,446676598784
645d74d2,biomed.brown.edu,1606317768704
77db2472,dartmouth.org,1331439861760
9ad50ff1,hks.harvard.edu,489626271745
77d79205,crewten.com,979252543488
1493a3b3,mri.brown.edu,1606317768704
b440ca8d,adarri.com,352187318272
59d0db6c,sanbou14.genin.jp,987842478080
51483bf1,russian.cornell.edu,1099511627777
e2737975,dnr.cornell.edu,1400159338496
00a6d0ac,pressoffice.cornell.edu,1202590842880
a31122a3,www1.villanova.edu,687194767361
7340e87f,cornell.edu,858993459204
413501ae,lawschool.cornell.edu,953482739712
1d57577c,bornpower.de,644245094401
1429a7b2,haskins.yale.edu,1228360646656
8e22caf1,anthropology.dartmouth.edu,781684047874
48940c71,www4.law.cornell.edu,240518168576
f3c16f68,asdwebdesigns.nl,687194767361
c31028a5,ted.bti.cornell.edu,266287972352
6de6a1ed,iub.edu,644245094401
d8fc9e00,seas.harvard.edu,1391569403904
534df1b9,cs.cornell.edu,601295421441
e0294658,ss.net.tw,403726925824
87d2573c,pinker.wjh.harvard.edu,1228360646656
f30a739a,mybraintrainer.com,1580547964928
d8a06390,apollo.sgn.cornell.edu,266287972352
2007baaf,artmuseums.harvard.edu,1030792151043
7603ed6e,tuck.dartmouth.edu,781684047874
57e513b9,ezra.cornell.edu,1443109011456
7faa51fb,brown.edu,377957122048
16f5aad5,vivo.brown.edu,1606317768704
2a2f04a5,monografias.com,1314259992577
662a5540,iop.harvard.edu,352187318274
76e54963,med.nyu.edu,377957122048
2de1d5ea,haxbylab.dartmouth.edu,781684047874
ca352a49,adsbit.harvard.edu,1520418422784
ece44ca0,epr.ucla.edu,455266533376
8c3476c1,www2.cuny.edu,1108101562369
8efddacd,lvelho.impa.br,343597383680
77376a5b,dubber6.tripod.com,1606317768705
872da2bd,ui.adsabs.harvard.edu,1262720385024
f897fc35,yufind.library.yale.edu,652835028992
4400308a,discovery.lib.harvard.edu,652835028992
de2de1da,cmi.princeton.edu,188978561025
ad2584b7,dartmouth61artshow.org,403726925825
ea7e9a8f,het.brown.edu,807453851650
4e82b3cc,ctgbc.org,687194767362
74cf0f55,v-fedun.staff.shef.ac.uk,858993459203
4d310a13,nmnathletics.com,936302870529
1acd92f9,gking.harvard.edu,1030792151042
fbdb1d6e,buergerwelle.de,687194767361
ab5b62dc,makeagift.princeton.edu,180388626432
952c271c,peabody.yale.edu,1417339207681
e12d66fb,fas.harvard.edu,824633720834
c014f9c2,info.med.yale.edu,377957122048
eeb83c13,familysecuritymatters.org,704374636544
f5144056,livingfossil.org,343597383682
0030d85b,med.harvard.edu,377957122048
b768e3f4,wp.chs.harvard.edu,1082331758592
d541e1e1,people.seas.harvard.edu,85899345920
8ca94799,list.cs.brown.edu,1563368095745
2653010c,dartmouthsports.com,489626271744
f98bc0fe,onclive.com,523986010112
9ed76fe9,cdsarc.u-strasbg.fr,816043786240
d7ff74d0,hsph.harvard.edu,747324309504
14cd04d4,feminist.com,644245094401
d9a94db8,princeton.edu,25769803776
256a1fba,dvn.iq.harvard.edu,1365799600129
42454b51,softtreetech.com,987842478080
fb6789c9,solgenomics.net,283467841538
c1e89401,library.med.nyu.edu,377957122048
c791206d,bidmc.harvard.edu,1202590842880
ef573c60,ccv.brown.edu,1606317768704
58d55ab1,wikicfp.com,420906795008
31aeb651,irclogs.shortcircuit.net.au,1202590842881
25eb3708,cancer.med.nyu.edu,944892805120
caee932d,cancer.dartmouth.edu,790273982464
8f51af04,gsd.harvard.edu,1176821039105
211f5caa,delawareiplaw.com,687194767361
0ccffeac,blogs.law.harvard.edu,824633720832
98af76af,www2.iap.fr,858993459203
8f0e318e,gavel2gavel.com,687194767361
7d8f0c4a,lib.utah.edu,1262720385025
af3ebaf5,thomaslegioncherokee.tripod.com,446676598786
7ae88da2,document-records.com,214748364800
706b73c1,w0.sao.ru,858993459203
4aa682e5,encyclo.co.uk,438086664192
63224352,neil.brown.name,412316860416
2281fa09,hcs.harvard.edu,438086664193
38663fca,langreiter.com,1563368095744
2ad47481,users.math.yale.edu,1357209665536
e30e644e,agroforesteries.fr,1382979469312
751512cc,icerm.brown.edu,1357209665536
c89934fa,vizier.cfa.harvard.edu,1262720385024
4d0b9458,adsabs.harvard.edu,335007449088
32566743,sleepaidresource.com,231928233985
df45c768,harvard.edu,1425929142272
a25e0029,hup.harvard.edu,1245540515840
9b7a660c,federica.unina.it,936302870528
23a986a9,jcrows.com,188978561024
e7f9ab8c,environment.yale.edu,1511828488192
89517b0f,coudal.com,68719476736
fcf36a4d,newboards.theonering.net,687194767361
3bf705a9,d.umn.edu,1443109011458
b584fa0a,wyss.harvard.edu,1202590842880
1f47c387,yale.edu,403726925826
5a12a02c,coache.gse.harvard.edu,231928233984
b1bb83b0,wuacademia.org,1108101562368
a40fc9a8,mathforum.org,180388626433
f584d12f,dartblog.com,1649267441664
c912bbad,eurekalert.org,223338299392
7672ddbc,apod.oa.uj.edu.pl,137438953474
2fda2937,chandra.harvard.edu,824633720833
845e63f7,coresri.org,730144440320
788b702f,graphics.cornell.edu,601295421441
a54e8a01,sciencetimes.com,231928233986
9364b64d,ifas.jku.at,790273982465
5e881f56,tickets.princeton.edu,180388626432
bb92611a,cran.ism.ac.jp,858993459201
35bf33e8,webscript.princeton.edu,283467841536
310bf84f,geiselmed.dartmouth.edu,790273982464
49df819c,mccubbins.us,1073741824000
bfa58bcd,expeditionquest.com,146028888065
95e2cdc0,stat.brown.edu,1606317768704
9e0c0b35,people.math.osu.edu,403726925828
82b060bf,wordnet.princeton.edu,1417339207680
de54ea04,boldaslove.co.uk,214748364800
5f7e6b55,astroverde.org,858993459203
e83b9b9b,dartmouth.edu,377957122048
9fa92f79,unmannedspaceflight.com,858993459200
6ef1fae2,hydrol-earth-syst-sci.net,858993459203
a80ce137,dpubs.org,1047972020225
e82ce992,sites.dartmouth.edu,1374389534720
f8320841,gov.mtopgroup.com,687194767361
bf926c2c,med.cornell.edu,377957122048
6aa12364,comidad.org,1597727834112
77525728,lexic.us,438086664192
16e7ef9b,people.virginia.edu,936302870529
399018c0,bio-medicine.org,1065151889408
01ee7f4a,mrl.nyu.edu,455266533377
dd469a7a,vet.cornell.edu,463856467968
fbe37f31,imambargah.com,94489280512
5d8be103,music.dartmouth.edu,807453851650
250ac639,cs.princeton.edu,781684047874
a86ef073,algs4.cs.princeton.edu,1563368095746
88d405ba,lns.cornell.edu,103079215105
a72c50e4,orfe.princeton.edu,738734374912
1cf3043d,findingaids.princeton.edu,1451698946048
7a9f14bc,idl.cornell.edu,1254130450432
35853e07,math.nyu.edu,687194767360
bd70ca58,cdl.library.cornell.edu,283467841537
120c4041,cnumlib.or.kr,317827579904
b82ab178,golf.dartmouth.edu,1374389534720
03c6aed6,home.wlu.edu,137438953472
4e71c540,nyu.edu,103079215104
1857aa85,conwebwatch.tripod.com,68719476736
80366e46,cs.brown.edu,1563368095745
3f371cfc,cim.pt,94489280512
561f1876,wjh.harvard.edu,1228360646656
91d872e9,cat-lovers-only.com,343597383682
0259f840,law.qmul.ac.uk,1494648619008
eae5b6f3,harvardreview.fas.harvard.edu,704374636545
1e9dee01,biolib.cz,146028888064
6ac9f6e0,cplusplus.kurttest.com,541165879296
6e1e114d,uruknet.info,687194767361
1d76258f,avalon.law.yale.edu,1494648619009
6a1446a1,tdi.dartmouth.edu,781684047874
044d385c,cfa.harvard.edu,481036337152
4f8fb078,math.dartmouth.edu,1649267441665
64a97008,now.dartmouth.edu,781684047874
653ca758,moa.cit.cornell.edu,283467841537
2bd8f169,press.princeton.edu,1202590842883
6d132456,ists.dartmouth.edu,781684047874
e1ea5b42,isportsdigest.tripod.com,214748364800
713adf56,dcpierson.com,807453851648
8e0a605e,healthysleep.med.harvard.edu,137438953473
a59d06e6,frostnet.net,979252543489
